:0200000480007A
:2000000000000000700059B30000000000000000000000000000000064B81E799B47E18668
:20002000910000F8D9FF0406DC0F0090000600F000B403F00100000000000000000600F046
:2000400000B503F00300000001000000000600F000B403F00000000090000000000600F0D1
:2000600000B403F00100000090000000000600F000B503F00200000090000000000600F022
:2000800000B503F00300000090000000000700F000B503F00100000000000000000700F08E
:2000A00000B503F00500000001000000000700F000C003F00900000002000000000700F0E6
:2000C00000B103F00A00000004000000000700F000D303F00D00000005000000000700F0A8
:2000E00000A203F00300000006000000000700F000A203F00200000090000000000700F04D
:2001000000B103F00C00000090000000000700F000B503F00000000090000000000700F079
:2001200000B503F00100000090000000000700F000B503F00400000090000000000700F05C
:2001400000B503F00500000090000000000700F000C003F00A00000090000000000700F027
:2001600000D303F00C00000090000000000700F000D303F00D00000090000000000800F0CB
:2001800000B403F00300000000000000000800F000A203F00100000001000000000800F02E
:2001A00000B003F00600000003000000000800F000D303F00800000004000000000800F0D1
:2001C00000A203F00000000006000000000800F000A203F00000000090000000000800F06F
:2001E00000B003F00500000090000000000800F000B403F00200000090000000000800F09E
:2002000000B403F00300000090000000000800F000D303F00800000090000000000800F056
:2002200000D303F00900000090000000000900F000B503F00700000000000000000900F0BE
:2002400000C003F00300000002000000000900F000A003F00100000004000000000900F05C
:2002600000C103F00600000005000000000900F000A003F00000000098000000000900F0A2
:2002800000A003F00100000090000000000900F000B503F00600000090000000000900F00A
:2002A00000B503F00700000090000000000900F000C003F00000000090000000000900F0CA
:2002C00000C003F00300000090000000000900F000C103F00700000090000000000600F09E
:2002E00000000000000700F001000000000800F002000000000900F0030000000050C348B5
:20030000640000000050C348640000001400000000000000000000000100000000000000A5
:200320000000000000000000000000000000000000000000000001010700000000000901AA
:20034000000000000602000000000A03000000000000000000000000010100000000000086
:20036000002A00F000000000002B00F001000000000081F800000000000083F80100000052
:2003800000000000000000000000000000000000000000000000000000000000000000005D
:2003A0000000010000010F00010F0000000000000000000000000000000000AFFF1F00AFA0
:2003C000002000AFFF3F00AF004000AFFF5F00AF006000AFFF7F00AF008000AFFF9F00AFAD
:2003E00000A000AFFFBF00AF00C000AFFFDF00AF00E000AFFFFF00AF000001AFFF1F01AF8B
:20040000002001AFFF3F01AF004001AFFF5F01AF006001AFFF7F01AF002E00F002000000C2
:2004200000A003F00800000000000000002E00F00200000000D303F0060000000100000034
:20044000002E00F00200000000A003F00700000000000000002E00F00200000000D303F0FC
:200460000700000001000000002E00F00300000000A203F00700000000000000002E00F099
:200480000300000000A203F00600000000000000002E00F00400000000A003F00900000000
:2004A00000000000002E00F00400000000D303F00500000001000000002E00F0040000002C
:2004C00000A203F00800000000000000002E00F00500000000C103F00600000000000000A2
:2004E000002E00F00500000000B003F00100000001000000002E00F00500000000C103F05D
:200500000700000000000000002E00F00500000000B003F00300000001000000002E00F0EC
:200520000600000000C003F00000000000000000002E00F00600000000C003F00300000028
:2005400000000000002E00F00600000000B003F002000000010000000000020000000000CF
:2005600000A203F00000000088000000000002003000000000C203F00100000088000000EE
:20058000000002003500000000C103F00200000088000000000002005500000000B403F0E8
:2005A0000500000088000000000002000800000000A203F00800000088000000000002007D
:2005C0000900000000A003F00000000088000000000103006700000000B003F001000000E8
:2005E00088000000000102000A00000000A003F00100000088000000000102000B0000003C
:2006000000A003F00200000088000000000102000100000000A203F001000000880000009B
:20062000000102001F00000000D303F00900000088000000000102002F00000000C203F05A
:200640000000000088000000000102003600000000C103F003000000880000000001020097
:200660005400000000B403F00400000088000000000203006800000000B003F002000000E1
:2006800088000000000203006B00000000B003F00500000088000000000202000C00000022
:2006A00000A003F00300000088000000000202000200000000A203F00200000088000000F7
:2006C000000202002100000000D303F00B00000088000000000202003700000000C103F0AD
:2006E0000400000088000000000202005300000000B403F0030000008800000000030300DF
:200700006900000000B003F00300000088000000000303006C00000000B003F00600000027
:2007200088000000000302000D00000000A003F004000000880000000003020003000000F8
:2007400000A203F00300000088000000000302003100000000C203F0020000008800000004
:20076000000302003800000000C103F00500000088000000000302005200000000B403F0FD
:200780000200000088000000000402000E00000000A003F005000000880000000004020095
:2007A0000400000000A203F00400000088000000000402003200000000C203F00300000024
:2007C00088000000000402003900000000C103F00600000088000000000402003D000000CD
:2007E00000C003F00300000088000000000402005100000000B403F0010000008800000034
:20080000000502000F00000000A003F00600000088000000000502002800000000D203F0AD
:200820000400000088000000000502003A00000000C103F0070000008800000000050200A1
:200840000500000000A203F00500000088000000000602001000000000A003F007000000BF
:2008600088000000000602002A00000000C303F00100000088000000000602003B0000003C
:2008800000C003F00000000088000000000602000600000000A203F00600000088000000EC
:2008A000000702001100000000A003F00800000088000000000702004000000000C003F0FF
:2008C0000800000088000000000702000700000000A203F007000000880000000100030050
:2008E0000000000000A203F00000000088000000010003003000000000C203F001000000F1
:2009000088000000010003003500000000C103F00200000088000000010002004400000091
:2009200000C003F00C00000088000000010002004C00000000B503F00500000088000000EC
:20094000010002004D00000000B503F00600000088000000010003000800000000A203F070
:200960000800000088000000010003000900000000A003F0000000008800000001010200BB
:200980006700000000B003F00100000088000000010103000A00000000A003F00100000021
:2009A00088000000010103000B00000000A003F0020000008800000001010300010000007C
:2009C00000A203F00100000088000000010103001F00000000D303F009000000880000007E
:2009E000010103002F00000000C203F00000000088000000010103003600000000C103F097
:200A00000300000088000000010102004500000000C003F00D0000008800000001010200B6
:200A20004E00000000B503F00700000088000000010102004F00000000B503F0080000002E
:200A400088000000010102005600000000B403F00600000088000000010202006800000012
:200A600000B003F00200000088000000010202006B00000000B003F00500000088000000A9
:200A8000010203000C00000000A003F00300000088000000010203000200000000A203F089
:200AA0000200000088000000010203002100000000D303F00B000000880000000102030026
:200AC0003700000000C103F00400000088000000010202004600000000C003F00E00000093
:200AE00088000000010202005000000000B403F0000000008800000001030200690000007B
:200B000000B003F00300000088000000010302006C00000000B003F0060000008800000004
:200B2000010303000D00000000A003F00400000088000000010303000300000000A203F0E3
:200B40000300000088000000010303003100000000C203F00200000088000000010303008C
:200B60003800000000C103F00500000088000000010302004700000000B503F00000000007
:200B800088000000010403000E00000000A003F0050000008800000001040300040000008B
:200BA00000A203F00400000088000000010403003200000000C203F003000000880000009A
:200BC000010403003900000000C103F00600000088000000010403003D00000000C003F09A
:200BE0000300000088000000010402004800000000B503F0010000008800000001050300E1
:200C00000F00000000A003F00600000088000000010503002800000000D203F004000000AA
:200C200088000000010503003A00000000C103F00700000088000000010503000500000098
:200C400000A203F00500000088000000010502004100000000C003F00900000088000000E5
:200C6000010502004900000000B503F00200000088000000010603001000000000A003F044
:200C80000700000088000000010603002A00000000C303F001000000880000000106030048
:200CA0003B00000000C003F00000000088000000010602004200000000C003F00A000000B6
:200CC00088000000010603000600000000A203F00600000088000000010602004A00000006
:200CE00000B503F00300000088000000010703001100000000A003F0080000008800000082
:200D0000010702004300000000C003F00B00000088000000010702004B00000000B503F043
:200D20000400000088000000010703000700000000A203F0070000008800000002000200ED
:200D40001200000000A003F00900000088000000020002001A00000000D303F00400000075
:200D600088000000020002002000000000D303F00A00000088000000020003004400000026
:200D800000C003F00C00000088000000020002005E00000000B303F0030000008800000079
:200DA000020102001B00000000D303F00500000088000000020103004500000000C003F0C2
:200DC0000D00000088000000020102005F00000000B103F0020000008800000002020200E6
:200DE0001C00000000D303F00600000088000000020203004600000000C003F00E00000075
:200E000088000000020202006000000000B103F00300000088000000020302001500000099
:200E200000A003F00C00000088000000020302001D00000000D303F0070000008800000012
:200E4000020303004700000000B503F00000000088000000020302006100000000B103F007
:200E60000600000088000000020402001E00000000D303F008000000880000000204020060
:200E80002200000000D303F00C00000088000000020403004800000000B503F001000000DC
:200EA00088000000020402006200000000B103F009000000880000000205020023000000DF
:200EC00000D303F00D00000088000000020503004100000000C003F0090000008800000028
:200EE000020503004900000000B503F00200000088000000020502005B00000000B303F063
:200F00000000000088000000020502006300000000B103F00A00000088000000020602009D
:200F20006400000000B103F00B00000088000000020602002400000000D203F00000000023
:200F400088000000020602003E00000000C003F00600000088000000020603004200000033
:200F600000C003F00A00000088000000020603004A00000000B503F00300000088000000A4
:200F8000020602005C00000000B303F00100000088000000020702006500000000B103F0A8
:200FA0000C00000088000000020702003F00000000C003F007000000880000000207030005
:200FC0004000000000C003F00800000088000000020703004300000000C003F00B00000081
:200FE00088000000020703004B00000000B503F00400000088000000020702005D00000076
:2010000000B303F00200000088000000030003001200000000A003F0090000008800000064
:20102000030003001A00000000D303F00400000088000000030003002000000000D303F052
:201040000A00000088000000030003004C00000000B503F005000000880000000300030071
:201060004D00000000B503F00600000088000000030003005500000000B403F005000000E6
:2010800088000000030003005E00000000B303F00300000088000000030103001B00000011
:2010A00000D303F00500000088000000030103004E00000000B503F0070000008800000051
:2010C000030103004F00000000B503F00800000088000000030103005400000000B403F080
:2010E0000400000088000000030103005600000000B403F0060000008800000003010300CB
:201100005F00000000B103F00200000088000000030203001C00000000D303F00600000052
:2011200088000000030203005000000000B403F00000000088000000030203005300000045
:2011400000B403F00300000088000000030203006000000000B103F00300000088000000C6
:20116000030303001500000000A003F00C00000088000000030303001D00000000D303F03E
:201180000700000088000000030303005200000000B403F00200000088000000030303002B
:2011A0006100000000B103F00600000088000000030403001E00000000D303F008000000A6
:2011C00088000000030403002200000000D303F00C000000880000000304030051000000A6
:2011E00000B403F00100000088000000030403006200000000B103F009000000880000001E
:20120000030503002300000000D303F00D00000088000000030503005B00000000B303F039
:201220000000000088000000030503006300000000B103F00A000000880000000306030076
:201240006400000000B103F00B00000088000000030603002400000000D203F000000000FE
:2012600088000000030603003E00000000C003F00600000088000000030603005C000000F3
:2012800000B303F00100000088000000030703006500000000B103F00C0000008800000075
:2012A000030703003F00000000C003F00700000088000000030703005D00000000B303F090
:2012C000020000008800000000A003F00000000000A203F00200000000B003F00A000000AD
:2012E00000B103F00B00000000B303F00D00000000B403F00E00000000B503F00F00000020
:2013000000C003F01400000000C103F01500000000C203F01600000000C303F017000000A5
:2013200000D203F02000000000D303F021000000001C00F000C003F00C0000000000000016
:20134000001C00F000C003F00C000000A0000000001C00F000C003F00E00000098000000BD
:20136000001C00F000C003F00B00000098000000001C00F000C003F00D000000A800000097
:20138000001C00F00000000000C003F00800000098000000001C00F00D00000000B503F02D
:2013A0000000000098000000001C00F00100000000C003F00900000098000000001C00F028
:2013C0000200000000C003F00D00000098000000001C00F00300000000B103F00A000000F6
:2013E00098000000001C00F00400000000B103F00B00000098000000001C00F005000000ED
:2014000000B103F00200000098000000001C00F00600000000C003F00A0000009800000027
:20142000001C00F00700000000D303F00500000090000000001C00F00800000000C003F077
:201440000600000098000000001C00F00900000000C003F00300000098000000001D00F07E
:2014600000B003F00100000000000000001D00F000B103F00300000001000000001D00F006
:2014800000B003F00100000090000000001D00F000B003F00300000098000000001D00F0C0
:2014A00000B103F00900000098000000001D00F000B003F00200000098000000001D00F090
:2014C00000B103F00600000098000000001D00F00000000000C003F008000000A000000062
:2014E000001D00F00100000000C003F009000000A0000000001D00F00200000000C003F0C0
:201500000D000000A0000000001D00F00300000000B103F00A000000A0000000001D00F0B3
:201520000400000000B103F00B000000A0000000001D00F00500000000B103F002000000A0
:20154000A0000000001D00F00600000000D303F00A00000090000000001D00F00700000064
:2015600000D303F00500000098000000001D00F00800000000B003F00400000098000000B4
:20158000001D00F00900000000B003F005000000A0000000001E00F000B503F00400000033
:2015A00000000000001E00F000B503F00700000001000000001E00F000C103F002000000A9
:2015C00002000000001E00F000C103F00300000002000000001E00F000B503F0020000008A
:2015E00004000000001E00F000B303F00300000098000000001E00F000B503F005000000DD
:2016000098000000001E00F000B503F00600000098000000001E00F000B303F0000000002A
:2016200098000000001E00F000B303F00100000098000000001E00F000B503F0030000000C
:2016400098000000001E00F000B503F006000000A8000000001E00F000B503F008000000D0
:2016600098000000001E00F00000000000B503F00200000098000000001E00F00100000073
:2016800000B403F00200000098000000001E00F00200000000B403F00600000098000000B4
:2016A000001E00F00300000000B403F00300000098000000001E00F00500000000B503F01C
:2016C0000100000098000000001E00F00600000000D303F00D000000A0000000001E00F0DC
:2016E0000700000000C003F00A000000A0000000001E00F00800000000C003F006000000B7
:20170000A0000000001E00F00900000000C003F003000000A0000000001F00F000A203F018
:201720000500000000000000001F00F000D303F00D00000003000000001F00F000C203F0FB
:201740000100000004000000001F00F000C103F00200000005000000001F00F000C103F0F7
:201760000300000005000000001F00F000C203F003000000A0000000001F00F000A203F056
:201780000600000098000000001F00F000B003F00600000098000000001F00F000C203F097
:2017A0000000000098000000001F00F000D303F00C00000098000000001F00F000C203F054
:2017C00000000000A0000000001F00F000C203F001000000A0000000001F00F000A203F060
:2017E0000700000098000000001F00F000C203F00300000098000000001F00F000D303F016
:201800000B00000098000000001F00F00000000000A203F00400000098000000001F00F0D6
:201820000B00000000D303F00A00000098000000001F00F00C00000000C203F00200000063
:2018400098000000001F00F00D00000000C303F00100000098000000001F00F00100000075
:2018600000A203F00000000098000000001F00F00100000000D303F00900000098000000C4
:20188000001F00F00200000000A203F00100000098000000001F00F00200000000D303F032
:2018A0000800000098000000001F00F00300000000A203F00200000098000000001F00F038
:2018C0000400000000A203F00300000098000000001F00F00500000000A203F00800000023
:2018E00090000000001F00F00600000000A003F00800000090000000001F00F00700000002
:2019000000A003F00900000090000000001F00F00700000000D303F0070000009800000020
:20192000001F00F00800000000B003F00500000098000000001C00F000000000001D00F037
:2019400001000000001E00F002000000001F00F003000000040017B7D13800000000000089
:20196000030017B7D138000000000000020017B7D1380000000000000300000054190080C4
:20198000013B050017B7513912011202FF0F3F0312221402FFFFFF0F020000000F000000D0
:2019A000010000000F000000000000003F000000000000003F000000D5140000FF7F000032
:2019C000002D3101000000F000000000000100F001000000920001809E000180AA00018069
:2019E000B6000180C2000180CE000180DA000180E6000180F2000180FE0001800A010180DE
:201A000016010180220101802E0101803A01018046010180520101805E0101806A010180B6
:201A200076010180820101808E0101809A010180A6010180B2010180BE010180CA01018096
:201A4000D6010180E2010180EE010180FA01018006020180120201801E0201802A02018072
:201A600036020180420201804E0201805A02018066020180720201807E0201808A0201804E
:201A800096020180A2020180AE020180BA020180C6020180D2020180DE020180EA0201802E
:201AA000F6020180020301800E0301801A03018026030180320301803E0301804A03018007
:201AC00056030180620301806E0301807A03018086030180920301809E030180AA030180E6
:201AE000B6030180C2030180CE030180DA030180E6030180F2030180FE0301800A040180C5
:201B000016040180220401802E0401803A04018046040180520401805E0401806A0401809D
:201B200076040180820401808E0401809A040180A6040180B2040180BE040180CA0401807D
:201B4000D6040180E2040180EE040180FA04018006050180120501801E0501802A05018059
:201B600036050180420501804E0501805A05018066050180720501807E0501808A05018035
:201B800096050180A2050180AE050180BA050180C6050180D2050180DE050180EA05018015
:201BA000F6050180020601800E0601801A06018026060180320601803E0601804A060180EE
:201BC00056060180620601806E0601807A06018086060180920601809E060180AA060180CD
:201BE000B6060180C2060180CE060180DA060180E6060180F2060180FE0601800A070180AC
:201C000016070180220701802E0701803A07018046070180520701805E0701806A07018084
:201C200076070180820701808C07018096070180A0070180AA070180B4070180BE0701808E
:201C4000C8070180D2070180DC070180E6070180F0070180FA070180040801800E080180EA
:201C600018080180220801802C08018036080180400801804A080180540801805E08018044
:201C800068080180E601E401E201E001E101E501A101A001A2014E414E006E616E00494E64
:201CA0004600696E66006C6A795F466C617368205772697465204F4B210A000002020202ED
:201CC00002020202020301010101020202020202020202020202020202020202044040400B
:201CE00040404040404040404040404020202020202020202020404040404040408888884C
:201D000088888808080808080808080808080808080808080808084040404040409090905B
:201D20009090901010101010101010101010101010101010101010404040400200000000B1
:201D4000000000000000000000000000000000000000000000000000000000000000000083
:201D6000000000000000000000000000000000000000000000000000000000000000000063
:201D8000000000000000000000000000000000000000000000000000000000000000000043
:201DA000000000000000000000000000000000000000000000000000000000006F75743A91
:201DC0002564007475726E5F636F756E743A2564006265673A25642C20656E643A2564002F
:201DE0007A756F3A25642C20796F753A2564007961773A252E32662C207961775F623A2523
:201E00002E3266006469735F6F75743A2535642C2066696E616C3A2533640025642C2025C7
:201E2000642C2025642C2025642C2025642C2025640D0A00456E636F646572313A2530351E
:201E4000647C456E636F646572323A253035640073706565640073706565645F6B643A20DE
:201E6000252E32660073706565645F693A20252E3266007461725F73706565643A20252EF5
:201E80003266006779726F5F6B703A20252E3266006779726F5F6B643A20252E32660064D2
:201EA00069725F6B703A20252E3266006469725F6B643A20252E3266006779726F5F6B701B
:201EC0005F6C6566743A20252E3266006779726F5F6B645F6C6566743A20252E3266006411
:201EE00069725F6B705F6C6566743A20252E3266006469725F737472006469725F6B645FBB
:201F00006C6566743A20252E3266006779726F5F6B705F72696768743A20252E32660067AD
:201F200079726F5F6B645F72696768743A20252E3266006469725F6B705F72696768743A27
:201F400020252E3266006469725F6B645F72696768743A20252E32660072616D705F74695B
:201F60006D653A20252E3266007475726E5F73706565643A20252E3266002D2D3E002020F4
:201F800020003C2D2D006469725F6C656674006469725F7269676874006F746865720067FD
:201FA0006F007461725F73706565643A252E32660073706565645F6B703A20252E32660046
:201FC00073706565645F6B693A20252E32660066696C653A2025730066696C653A206D641B
:201FE0006B2F2573006C696E653A202564000D0A66696C65202573206C696E652025643A0A
:202000002025732E0D0A000D0A66696C65202573206C696E652025642E0D0A004173736512
:202020007274206572726F72004C6F67206D657373616765002E2E2F6C6962726172696574
:20204000732F7A665F636F6D6D6F6E2F7A665F636F6D6D6F6E5F6669666F2E63000000008B
:202060000000000000002F000000000700070000147F147F1400242A7F2A120062640813FF
:202080002300364955225000000503000000001C224100000041221C000014083E0814005B
:2020A00008083E0808000000A06000000808080808000060600000402010080402003E51CD
:2020C00049453E0000427F4000004261514946002141454B31001814127F100027454545CA
:2020E00039003C4A49493000017109050300364949493600064949291E000036360000004A
:202100000056360000000814224100001414141414000041221408000201510906003249F3
:2021200059513E007C1211127C007F49494936003E41414122007F4141221C007F4949493E
:2021400041007F09090901003E4149497A007F0808087F0000417F4100002040413F010020
:202160007F08142241007F40404040007F020C027F007F0408107F003E4141413E007F09F3
:20218000090906003E4151215E007F091929460046494949310001017F0101003F404040F4
:2021A0003F001F2040201F003F4038403F00631408146300070870080700615149454300E5
:2021C000007F414100020408102040000041417F0000040201020400404040404000000131
:2021E000020400002054545478007F4844443800384444442000384444487F0038545454DF
:202200001800087E0901020018A4A4A47C007F080404780000447D4000004080847D0000CB
:202220007F102844000000417F4000007C04180478007C0804047800384444443800FC242F
:202240002424180018242418FC007C0804040800485454542000043F444020003C404020EF
:202260007C001C2040201C003C4030403C004428102844001CA0A0A07C004464544C441402
:20228000141414141400000000000000000000000000000000000000F800000000000000E2
:2022A000333000000000100C06100C0600000000000000000040C07840C0784000043F0400
:2022C000043F040400007088FC08300000001820FF211E0000F008F000E018000000211CF4
:2022E000031E211E0000F00888700000001E2123241927211010160E000000000000000063
:202300000000000000000000E018040200000000071820400000020418E0000000004020E2
:202320001807000000404080F0804040000202010F01020200000000F00000000001010182
:202340001F01010100000000000000000080B07000000000000000000000000000000101B9
:20236000010101010100000000000000000030300000000000000000008060180400601884
:20238000060100000000E010080810E000000F102020100F00001010F80000000000202070
:2023A0003F2020000000700808088870000030282422213000003008888848300000182037
:2023C0002020110E000000C02010F8000000070424243F240000F8088888080800001921A6
:2023E0002020110E0000E0108888180000000F112020110E0000380808C838080000000097
:202400003F000000000070880808887000001C222121221C0000E010080810E0000000319E
:202420002222110F00000000C0C00000000000003030000000000000800000000000008058
:20244000600000000000008040201008000001020408102000404040404040400004040419
:20246000040404040000081020408000000020100804020100007048080808F00000000055
:202480003036010000C030C828E810E0000718272423140B000000C038E0000000203C231A
:2024A000020227382008F8888888700000203F202020110E00C0300808080838000718202C
:2024C000202010080008F808080810E000203F202020100F0008F88888E8081000203F202F
:2024E000202320180008F88888E8081000203F200003000000C03008080838000007182050
:2025000020221E020008F808000008F808203F210101213F20000808F808080000002020EF
:202520003F2020000000000808F8080800C08080807F00000008F888C028180800203F2036
:20254000012638200008F8080000000000203F20202020300008F8F800F8F80800203F0096
:202560003F003F200008F830C00008F808203F200007183F00E01008080810E0000F1020B1
:202580002020100F0008F808080808F000203F210101010000E01008080810E0000F182406
:2025A0002438504F0008F8888888887000203F2000030C3020007088080808380000382012
:2025C0002121221C00180808F8080818000000203F2000000008F808000008F808001F2065
:2025E0002020201F000878880000C83808000007380E010000F80800F80008F800033C07C0
:2026000000073C0300081868808068180820302C03032C30200838C800C838080000002036
:202620003F2000000010080808C83808002038262120201800000000FE0202020000000010
:202640007F40404000000C30C000000000000000010638C00000020202FE000000004040BC
:20266000407F0000000000040202020400000000000000000000000000000000008080800D
:20268000808080808000020204000000000000000000000000000080808080000000192475
:2026A0002222223F2008F8008080000000003F112020110E000000008080800000000E1107
:2026C0002020201100000000808088F800000E112020103F200000808080800000001F22FA
:2026E0002222221300008080F0888888180020203F202000000000808080808000006B9483
:20270000949493600008F8008080800000203F210000203F2000809898000000000020202F
:202720003F20200000000000809898000000C08080807F000008F8000080808000203F24A8
:20274000022D302000000808F8000000000020203F202000008080808080808000203F2034
:20276000003F20003F8080008080800000203F210000203F200000808080800000001F20FD
:202780002020201F00808000808000000080FFA12020110E000000008080808000000E111C
:2027A0002020A0FF80808080008080800020203F2120000100000080808080800000332422
:2027C0002424241900008080E0808000000000001F202000008080000000808000001F20F6
:2027E0002020103F20808080000080808000010E300806010080800080008080800F300C91
:20280000030C300F0000808000808080000020312E0E312000808080000080808080818E7D
:20282000701806010000808080808080000021302C2221300000000000807C020200000019
:2028400000003F404000000000FF00000000000000FF0000000002027C800000000040403B
:202860003F00000000000601010202040400000000000000002E2E2F6C6962726172696530
:20288000732F7A665F636F6D6D6F6E2F7A665F636F6D6D6F6E5F66756E6374696F6E2E6381
:2028A00000524D43004747410054485300494D5536363052422061636320616E64206779C3
:2028C000726F2073656C6620636865636B206572726F722E002E2E2F6C69627261726965E2
:2028E000732F7A665F6465766963652F7A665F6465766963655F696D7536363072622E63FE
:2029000000494D5536363052425F4143435F53414D504C455F44454641554C542073657485
:20292000206572726F722E00494D5536363052425F4759524F5F53414D504C455F44454615
:2029400041554C5420736574206572726F722E002E2E2F6C69627261726965732F7A665FA7
:202960006465766963652F7A665F6465766963655F6970733230302E63002E2E2F6C696279
:202980007261726965732F7A665F6472697665722F7A665F6472697665725F656E636F6455
:2029A00065722E63002E2E2F6C69627261726965732F7A665F6472697665722F7A665F649B
:2029C00072697665725F70776D2E63002E2E2F6C69627261726965732F7A665F6472697620
:2029E00065722F7A665F6472697665725F7370692E63002E2E2F6C69627261726965732F53
:202A00007A665F6472697665722F7A665F6472697665725F756172742E63002E2E2F6C69E5
:1E2A2000627261726965732F7A665F6472697665722F7A665F656570726F6D2E63002F
:042A400000A03CFFB7
:122A480073646820737468A0036568CA0BC30030009006
:202A60000F05D011174580010B00D0010F00B02142218B0101110F2010006B050020009068
:202A80003256FF0626003B00FEFF3FF617000F6510308B0602601745802600903256FF0639
:202AA00018003B00FEFF3FF60F000F6500308B060260174580260090A2F63705C13F0F6511
:202AC00010200090A2F682030F6500200090DA207FF60700174580360F6400200090A2F6B2
:202AE00082020F6400300090820C822D3C130757FFCF8755BFDFCE57460546048B148040D4
:202B00008B05A050CE77460746068B1680608B07A07082028203820082013A260B2700F2A2
:202B20006E023C4F0B6430F10B7500F20B75A0F26E04024002513C453A640B7500F26E037D
:202B400082123C3F3B0004E00B6030F10B7100F20B71A0F2DE1087559FFF06116701801FB9
:202B60008B1FE0060248025906156745805F0614C2FE3CEB0284029506F067101F0006F1D9
:202B8000C21E82087AE86E1D87559FFF06116701801F8B1FE0060B60C0A00B71D0B007BB2D
:202BA0009FFF06156745805F061406136723803F8B1FE0266E0302A002B1C2183FE8E67F79
:202BC00076C7460346028B1280208B03A030DF2D0B00071DE0FF76F7460146008B1080005D
:202BE0008B01A01000903B00034040F440C5007074DF3B00034040C4007061000E00370AED
:202C00006800DA0A4BF011020070610006003BE0024040C4007054DFC21F74DF00706D002E
:202C2000883900904C436C4489440C09910000F6D9FF0C304C446B0F31F474FF910000F65E
:202C4000D9FF0C3054FF3B6066069B201A044B0F01F0370F61F16E15910000F6D9FF180050
:202C600091000026D92218008C22C21FACF2910000F6D9FF0C303B6066F69B2F1AF474FF80
:202C8000910000F6D9FF0C3054FF3B6066069B201A0C4B0F01F0370F61F06E15910000F672
:202CA000D9FF180091000026D92218008C22C21FACF2910000F6D9FF0C303B6066F69B2FD1
:202CC0001AFC74FF910000F6D9FF1400544009410C094C4291000026D9220C3054224B2F99
:202CE00041F06B1061FF74FF910000F6D9FF140054FF7BA047044B0F01F0370F61F16E13C5
:202D0000910000F6D9FF14007BA047F474FF910000F6D9FF180091000026D92218008C2387
:202D2000C21FACF3910000F6D9FF140054FF7BA0470C4B0F01F0370F61F06E13910000F6F5
:202D4000D9FF14007BA047FC74FF910000F6D9FF180091000026D92218008C23C21FACF346
:202D60004C536C54910000F6D9FF140054FF67FFBFFF910000F6D9FF5C0054F06B0031FF70
:202D80006C53910000F6D9FF00004C53095010096B0031FF74FF910000F6D9FF000054FF44
:202DA0007B802C044B0F01F0370F61F16E08910000F6D9FF00007B802CF474FF910000F61B
:202DC000D9FF000054FF7B802C0C4B0F01F0370F61F06E08910000F6D9FF00007B802CFCBB
:202DE00074FF910000F6D9FF0800545009510C094C5291000026D922000054224B2F41F075
:202E00006B1061FF74FF910000F6D9FF080054FF6C554C557BA04F044B0F01F0370F61F1F7
:202E20006E0F7BA04FF46C55910000F6D9FF180091000026D92218008C24C21FACF44C55E3
:202E40007BA04F0C4B0F01F0370F61F06E0F7BA04FFC6C55910000F6D9FF18009100002648
:202E6000D92218008C24C21FACF4910000F6D9FF18304C5574FF00908C46AC47A25489443B
:202E80008C08910000F6D9FF040054408C4609418E08A21F4B0F4111094204098C464B0F04
:202EA00041F14BF241F06B1061FF74FF910000F6D9FF040054FF094016094B0F01F0370F75
:202EC00061F16E13910000F6D9FF0400094F160974FF910000F6D9FF180091000026D922A9
:202EE0001800942FC21FB4FF910000F6D9FF040054FF094016096700BF0F4B0F01F0370F7F
:202F000061F06E15910000F6D9FF0400094F160967FFBFFF74FF910000F6D9FF1800910064
:202F20000026D9221800942FC21FB4FF094F1209910000F6D9FF040054F06B0021FF894F84
:202F40001209094F120909401A094B0F01F0370F61F16E10094F1A09894F1209910000F621
:202F6000D9FF180091000026D92218008C21C21FACF1094F120909401A096700BF0F4B0FFE
:202F800001F0370F61F06E12094F1A0967FFBFFF894F1209910000F6D9FF18009100002669
:202FA000D92218008C21C21FACF10090910000F6D9FF2040DA0074FF910000F6D9FF244074
:202FC00091000026D9228C00542F4B0F31F174FF91000026D9222030910000F6D9FF8C0054
:202FE000481F742F910000F6D9FF203091000026D9228C004C226CF1910000F6D9FF203060
:2030000091000026D9228C004C236CF2910000F6D9FF2030DA00ACF6910000F6D9FF2030CB
:20302000DA00ACF7910000F6D9FF2030DA0089FF1209910000F6D9FF2030BB0000F89BBF2B
:203040005BF489FF1609910000F6D9FF2030BB0000F89BBF5BF489FF1A0991000026D92212
:203060000040910000F6D9FF8C00484F742F910000F6D9FF004091000026D9228C004C259D
:203080006CF1910000F6D9FF0040DA00ACF6910000F6D9FF0040DA00ACF7910000F6D9FF3D
:2030A0000040DA0089FF1209910000F6D9FF00403B0000F49BCF59F489FF1609910000F6A0
:2030C000D9FF00403B0000F49BCF59F489FF1A0991000026D9222400910000F6D9FF8C0086
:2030E000486F742F910000F6D9FF240091000026D9228C004C276CF2910000F6D9FF240061
:20310000DA006CF1910000F6D9FF2400DA006CF3910000F6D9FF2400DA006CF4910000F678
:20312000D9FF2400DA006CF591000026D9223810910000F6D9FF8C00488F742F910000F672
:20314000D9FF381091000026D9228C004C296CF2910000F6D9FF3810DA006CF3910000F6D7
:20316000D9FF3810DA006CF4910000F6D9FF3810DA006CF591000026D9220010910000F6CA
:20318000D9FF8C0048AF742F910000F6D9FF001091000026D9228C004C2B6CF2910000F628
:2031A000D9FF0010DA006CF1910000F6D9FF0010DA006CF3910000F6D9FF0010DA006CF49F
:2031C000910000F6D9FF0010DA006CF591000026D9221420910000F6D9FF8C0048CF742FBA
:2031E000910000F6D9FF142091000026D9228C004C2D6CF2910000F6D9FF1420DA006CF35B
:20320000910000F6D9FF1420DA006CF4910000F6D9FF1420DA006CF591000026D9221C1035
:20322000910000F6D9FF8C0048EF742F910000F6D9FF1C1091000026D9228C004C2F6CF227
:20324000910000F6D9FF1C10DA006CF1910000F6D9FF1C10DA006CF3910000F6D9FF1C105D
:20326000DA006CF4910000F6D9FF1C10DA006CF5910000F6D9FF302091000026D9228C0061
:20328000092F001974FF910000F6D9FF302091000026D9228C00092F04196CF2910000F643
:2032A000D9FF3020DA006CF3910000F6D9FF3020DA006CF4910000F6D9FF3020DA006CF5DA
:2032C000910000F6D9FF7CD0DA0074FF910000F6D9FF7CD091000026D9228C00542F6CF12D
:2032E000910000F6D9FF7CD091000026D9228C00092F08196CF2910000F6D9FF7CD0DA00A9
:203300006CF3910000F6D9FF284091000026D9228C00092F0C1974FF00904C433BF0260108
:203320009B30A8036B0021FF6C434C43094008094B0F51007B00F8F34BF001F016068B0F01
:2033400020F2EE144C417B0004144B1041104B0141107B0000244B2041204B0241206B026A
:2033600071014B0F41F0744F3C034C41744F54423C01009085FFF882370F70F03C01910029
:2033800000F6D9FF0C00B4FFDA00A5FFF8827B001A443BF026519B35A853910000F6D9FF03
:2033A0000C0094F691000046D9440C00B02491000056D95504506D001A0485FFC092370F93
:2033C00070F03C01910000F6D9FF1000370F50F0325FB4FFDA00A5FFC0927B001A443BF043
:2033E00026519B35A853910000F6D9FF100094F691000046D9441000B02491000056D955A5
:2034000008506D00F40391000026D9221C30910000F6D9FF0C00881F910000F6D9FF100071
:203420008810420F82204B0F01027420910000F6D9FF204054F491000046D9442030910034
:2034400000F6D9FF1C3054F56DFF18FD00906B0531243C057B403BF46B0F31227B4033F459
:203460004BF201F06F2FF8FF3C057B403BF46B0F21227B4033FC4BF201F06F0FF8FF3C01D7
:203480000090910000F6D9FF507614FFDF1F9780910000F6D9FF344091000026D9225C105E
:2034A000542F74FF910000F6D9FF0050DA0134FF910000F6D9FF304091000026D922304068
:2034C000142FC21F34FF910000F6D9FF5076DA0034FF910000F6D9FF2400DA006CF3910016
:2034E00000F6D9FF2400DA006CF4910000F6D9FF2400DA006CF5910000F6D9FF3810DA0061
:203500006CF3910000F6D9FF3810DA006CF4910000F6D9FF3810DA006CF5910000F6D9FF2A
:203520000010DA006CF3910000F6D9FF0010DA006CF4910000F6D9FF0010DA006CF591005E
:2035400000F6D9FF1420DA006CF3910000F6D9FF1420DA006CF4910000F6D9FF1420DA00F6
:203560006CF5910000F6D9FF1C10DA006CF3910000F6D9FF1C10DA006CF4910000F6D9FF02
:203580001C10DA006CF5910000F6D9FF3020DA006CF3910000F6D9FF3020DA006CF4910062
:2035A00000F6D9FF3020DA006CF5910000F6D9FF2C40DA0234FF1D009C00910000F6D9FFC0
:2035C000507614FFDF2F9580910000F6D9FF344091000026D9225C10542F74FF910000F681
:2035E000D9FF3C40DA0134FF910000F6D9FF304091000026D9223040142FC21F34FF910090
:2036000000F6D9FF5076DA0034FF910000F6D9FF2400DA006CF3910000F6D9FF2400DA00F0
:203620006CF4910000F6D9FF2400DA006CF5910000F6D9FF3810DA006CF3910000F6D9FF2D
:203640003810DA006CF4910000F6D9FF3810DA006CF5910000F6D9FF0010DA006CF39100CD
:2036600000F6D9FF0010DA006CF4910000F6D9FF0010DA006CF5910000F6D9FF1420DA001B
:203680006CF3910000F6D9FF1420DA006CF4910000F6D9FF1420DA006CF5910000F6D9FFD1
:2036A0001C10DA006CF3910000F6D9FF1C10DA006CF4910000F6D9FF1C10DA006CF5910089
:2036C00000F6D9FF3020DA006CF3910000F6D9FF3020DA006CF4910000F6D9FF3020DA0021
:2036E0006CF5910000F6D9FF2C40DA0134FF910000F6D9FF005014FFDF1F9480910000F635
:20370000D9FF5C1054F4910000F6D9FF344054F56DFF9FFE7B8026F44BF201F016068B0FFF
:2037200020F26E7F910000F6D9FF7840DA0134FF910000F6D9FF0050DA0034FF910000F622
:20374000D9FF2400DA006CF3910000F6D9FF2400DA006CF4910000F6D9FF2400DA006CF5B9
:20376000910000F6D9FF3810DA006CF3910000F6D9FF3810DA006CF4910000F6D9FF3810E1
:20378000DA006CF5910000F6D9FF0010DA006CF3910000F6D9FF0010DA006CF4910000F616
:2037A000D9FF0010DA006CF5910000F6D9FF1420DA006CF3910000F6D9FF1420DA006CF44D
:2037C000910000F6D9FF1420DA006CF5910000F6D9FF1C10DA006CF3910000F6D9FF1C10CC
:2037E000DA006CF4910000F6D9FF1C10DA006CF5910000F6D9FF3020DA006CF3910000F65A
:20380000D9FF3020DA006CF4910000F6D9FF3020DA006CF5910000F6D9FF2C40DA0034FF84
:20382000910000F6D9FF3C4014FFDF1F9480910000F6D9FF5C1054F4910000F6D9FF3440A2
:2038400054F56DFF06FE7B8026FC4BF201F016038B0F20F26E7F910000F6D9FF7840DA01C0
:2038600034FF910000F6D9FF3C40DA0034FF910000F6D9FF2400DA006CF3910000F6D9FF12
:203880002400DA006CF4910000F6D9FF2400DA006CF5910000F6D9FF3810DA006CF391009B
:2038A00000F6D9FF3810DA006CF4910000F6D9FF3810DA006CF5910000F6D9FF0010DA008D
:2038C0006CF3910000F6D9FF0010DA006CF4910000F6D9FF0010DA006CF5910000F6D9FFD7
:2038E0001420DA006CF3910000F6D9FF1420DA006CF4910000F6D9FF1420DA006CF591002F
:2039000000F6D9FF1C10DA006CF3910000F6D9FF1C10DA006CF4910000F6D9FF1C10DA004A
:203920006CF5910000F6D9FF3020DA006CF3910000F6D9FF3020DA006CF4910000F6D9FFF6
:203940003020DA006CF5910000F6D9FF2C40DA0034FF910000F6D9FF2C4014F0DA003E0914
:20396000DA015F0F4F00DA025F0F98001D00E200910000F6D9FF7CD091000026D9228C00E5
:20398000542F6CF1910000F6D9FF204091000046D9447CD06DFFC3FC4B0231F174FF9100AA
:2039A0000046D944381091000056D9552400910000F6D9FF704094FF4B0F41416DFF34F90C
:2039C000910000F6D9FF204054FF4B0F41F1910000F6D9FF183054F06B00214F910000F6FC
:2039E000D9FF204054FF4B0F41F1910000F6D9FF183054F06B00315F6DFFBEFC1D009B00EC
:203A0000910000F6D9FF7CD091000026D9228C00092F0C196CF1910000F6D9FF20409100B3
:203A20000046D9447CD06DFF7AFC4B0231F174FF91000046D944302091000056D9551C108E
:203A4000910000F6D9FF704094FF4B0F41416DFFEBF8910000F6D9FF204054FF531F20F005
:203A60004B0F41F1910000F6D9FF183054F06B00214F910000F6D9FF204054FF531F20F060
:203A80004B0F41F1910000F6D9FF183054F06B00315F6DFF71FC3C4E910000F6D9FF7CD0A6
:203AA00091000026D9228C00092F0C196CF1910000F6D9FF204091000046D9447CD06DFFA3
:203AC0002EFC4B0231F174FF91000046D944142091000056D9550010910000F6D9FF70407E
:203AE00094FF4B0F41416DFF9FF8910000F6D9FF204054FF531F20F04B0F41F1910000F6AD
:203B0000D9FF183054F06B00214F910000F6D9FF204054FF531F20F04B0F41F1910000F6BF
:203B2000D9FF183054F06B00315F6DFF25FC3C023C0100906DFF3CFA910000F6D9FF10007D
:203B4000DA00B4FF910000F6D9FF1000DA00ACF1910000F6D9FF0C00DA00B4FF910000F673
:203B6000D9FF0C00DA00ACF182346D00FD5E82146D00FA5E910000F6D9FF1430DA0074FF21
:203B8000910000F6D9FF1030DA0074FF910000F6D9FF1C30DA0074FF910000F6D9FF18309A
:203BA000DA0074FF910000F6D9FF3840DA0074FF00907B00F8F37B00F803BB305C1F9B81A6
:203BC0000C144B1441104B5141104B1051007B00F8136B0121004B0F51F054406B00310698
:203BE00054416B0F61F1744F00907B00F8F33BA0FD009B900C044B0441004B0F51F06B05FD
:203C000021FF4BF551F04B06410154516B01310054516B0F61F1745F545F4B0F31F1744FF8
:203C20000090910000F6D9FF0C509100F02A542F74FF910000F6D9FF0C509100F02A4C22C4
:203C40006CF1910000F6D9FF0C509100F02A4C246CF2910000F6D9FF0C509100F02A4C26FB
:203C60006CF3910000F6D9FF0C509100F02A4C286CF4910000F6D9FF0C509100F02A4C2ACF
:203C80006CF5910000F6D9FF0C509100F02A4C2C6CF6910000F6D9FF0C509100F02A4C2EA3
:203CA0006CF7910000F6D9FF0C509100F02A092F00196CF8910000F6D9FF0C509100F02A20
:203CC000092F08196CF9910000F6D9FF0C509100F02A092F10196CFA910000F6D9FF0C503E
:203CE0009100F02A092F18196CFB910000F6D9FF0C509100F02A092F20196CFC910000F683
:203D0000D9FF0C509100F02A092F28196CFD910000F6D9FF0C509100F02A092F30196CFE91
:203D2000910000F6D9FF0C509100F02A092F38196CFF910000F6D9FF0C509100F02A092F8B
:203D4000002989FF0019910000F6D9FF0C509100F02A092F082989FF0419910000F6D9FFC6
:203D60000C509100F02A092F102989FF0819910000F6D9FF0C509100F02A092F182989FFBB
:203D80000C19910000F6D9FF0C509100F02A092F202989FF1019910000F6D9FF0C5091001A
:203DA000F02A092F282989FF1419910000F6D9FF0C509100F02A092F302989FF181991006A
:203DC00000F6D9FF0C509100F02A092F382989FF1C19910000F6D9FF0C509100F02A092F1A
:203DE000003989FF2019910000F6D9FF0C509100F02A092F083989FF2419910000F6D9FFC6
:203E00000C509100F02A092F103989FF2819910000F6D9FF0C509100F02A092F183989FFDA
:203E20002C19910000F6D9FF0C509100F02A092F203989FF3019910000F6D9FF0C50910029
:203E4000F02A092F283989FF34190090910000F6D9FF20A091000026D9228C00542F74FFF7
:203E6000910000F6D9FF20A091000026D9228C004C216CF1910000F6D9FF20A09100002645
:203E8000D9228C004C226CF2910000F6D9FF20A091000026D9228C004C266CF3910000F61A
:203EA000D9FF20A091000026D9228C004C276CF4910000F6D9FF20A091000026D9228C00FC
:203EC0004C286CF5910000F6D9FF20A091000026D9228C004C296CF6910000F6D9FF20A0BA
:203EE00091000026D9228C004C2A6CF7910000F6D9FF20A091000026D9228C004C2B6CF873
:203F0000910000F6D9FF20A091000026D9228C004C2C6CF9910000F6D9FF20A09100002691
:203F2000D9228C004C2D6CFA910000F6D9FF20A091000026D9228C004C2E6CFB910000F656
:203F4000D9FF20A091000026D9228C004C2F6CFC910000F6D9FF20A091000026D9228C004B
:203F6000092F00196CFD910000F6D9FF20A091000026D9228C00092F04196CFE910000F6E4
:203F8000D9FF20A091000026D9228C00092F08196CFF910000F6D9FF20A091000026D922B6
:203FA0008C00092F0C1989FF001991000026D92220A0910000F6D9FF8C00484F892F0419AE
:203FC00091000026D92220A0910000F6D9FF8C00485F892F081991000026D92220A0910001
:203FE00000F6D9FF8C00483F892F0C1900906DFF2FFF82046D00C67082083C0D82045348BC
:2040000020F0910000F6D9FF20A010F402856D000171C218DA553FF8F37F91000048D9445F
:20402000E6216D00A34700906DFFFDFD910000F6D9FF8C0091000026D9220C50542F74FF3D
:20404000910000F6D9FF8C0091000026D9220C504C216CF1910000F6D9FF8C0091000026FB
:20406000D9220C504C226CF2910000F6D9FF8C0091000026D9220C504C236CF6910000F6CC
:20408000D9FF8C0091000026D9220C504C246CF7910000F6D9FF8C0091000026D9220C50E2
:2040A0004C256CF8910000F6D9FF8C0091000026D9220C504C266CF9910000F6D9FF8C0070
:2040C00091000026D9220C504C276CFA910000F6D9FF8C0091000026D9220C504C286CFB25
:2040E000910000F6D9FF8C0091000026D9220C504C296CFC910000F6D9FF8C009100002648
:20410000D9220C504C2A6CFD910000F6D9FF8C0091000026D9220C504C2B6CFE910000F608
:20412000D9FF8C0091000026D9220C504C2C6CFF91000026D9228C00910000F6D9FF0C5031
:2041400048DF892F001991000026D9228C00910000F6D9FF0C5048EF892F041991000026AB
:20416000D9228C00910000F6D9FF0C5048FF892F0819910000F6D9FF8C0091000026D92240
:204180000C50092F001989FF0C19910000F6D9FF8C0091000026D9220C50092F04196CF417
:2041A000910000F6D9FF8C0091000026D9220C50092F08196CF5910000F6D9FF8C009100D0
:2041C0000026D9220C50092F0C196CF300906D002D4E7B0022443BF026519B35A85391004F
:2041E00000F6D9FF58C094FF4B0F416191000046D94440F06DFFDFFC7B0022443BF026515C
:204200009B35A853910000F6D9FF5CC094FF4B0F4161910000F6D9FF40F049F40C0A6DFF7B
:20422000CAFC7B0022443BF026519B35A853910000F6D9FF60C094FF4B0F4161910000F6D5
:20424000D9FF40F049F4180A6DFFB5FC6D00C74D7B0022443BF026519B35A853910000F684
:20426000D9FF4CC094FF4B0F416191000046D9444CE06DFFA0FC7B0022443BF026519B3550
:20428000A853910000F6D9FF50C094FF4B0F4161910000F6D9FF4CE049F40C0A6DFF8BFC54
:2042A0007B0022443BF026519B35A853910000F6D9FF54C094FF4B0F4161910000F6D9FF4F
:2042C0004CE049F4180A6DFF76FC91000026D9225C00910000F6D9FF60C094FF4B0F4101B9
:2042E000910000F6D9FF64C0481F4BF051F0742F82013C4C53C120F0910000F6D9FF4CE0FB
:2043000010FF53C120F091000026D9224CE01022542F6CF153C120F0910000F6D9FF40F0C7
:2043200010FF53C120F091000026D92240F01022542F6CF153C120F0910000F6D9FF4CE0A7
:2043400010F253C120F0910000F6D9FF4CE010FF4810534120F0910000F6D9FF440010FFEF
:2043600054FF6B0F3100534120F0910000F6D9FF500010FF54FF4BF051F0BBD0CC0C9BC050
:2043800011044B0F41F06C22C211BF31B5FF910000F6D9FF34F009F0C008DA327FF0348005
:2043A000910000F6D9FF34F091000026D92234F0092FC008C21FB4FF82003C1C534020F093
:2043C000910000F6D9FF64F010F2534020F0910000F6D9FF64F010FF54F153C020F09100CA
:2043E00000F6D9FF40F010FF481F6B0F21F1742FC210BF30E5FF910000F6D9FF38F0DA0014
:2044000034FF3C4082003C3653C020F0910000F6D9FF40F010F253C020F0910000F6D9FFC3
:2044200040F010FF4811534020F0910000F6D9FF64F010FF54FF7B8024244B2F51F06B0FB4
:2044400031F16C2253C020F0910000F6D9FF40F010F253C020F0910000F6D9FF40F010FF37
:20446000482FBB80051A9BB1A8134B1F41F06C22C210BF30CBFF910000F6D9FF38F0DA014E
:2044800034FF00900B451088026A54A25801910000F6D9FF700091000026D9226C00542055
:2044A00091000026D9226C0054214B10410074F0910000F6D9FF740091000026D9226C0078
:2044C000542091000026D92274F054214B10410074F0910000F6D9FF780091000026D92254
:2044E0006C00542091000026D92278F054214B10410074F0910000F6D9FF7C0091000026BB
:20450000D9226C00542091000026D922541054214B10410074F0910000F6D9FF40109100F5
:204520000026D92274F0542091000026D92274F054214B10410074F0910000F6D9FF441044
:2045400091000026D92274F0542091000026D92278F054214B10410074F0910000F6D9FFE3
:20456000481091000026D92274F0542091000026D922541054214B10410074F0910000F647
:20458000D9FF4C1091000026D92278F0542091000026D92278F054214B10410074F0910039
:2045A00000F6D9FF501091000026D92278F0542091000026D922541054214B10410074F0B4
:2045C000910000F6D9FF581091000026D9225410542091000026D922541054214B10410063
:2045E00074F03B3033039B7022044B0751B03B3033039B7022044B0251C03B3033039B7056
:2046000022044B0F51D04BCC41F06BBB61FF6BDD614F6D00EC443702E8FB8B0F20F2DF0FE0
:20462000C603910000F6D9FF38F014FFDF1FBF834B2B51104B2C51304B2D5140910000F678
:20464000D9FF800091000026D9224810542F91000026D922780054206B0031FF7B000004BD
:204660004B0F41F074FF910000F6D9FF840091000026D9227400542F91000026D92250109E
:2046800054206B0021FF7B0000044B0F41F074FF910000F6D9FF880091000026D922700095
:2046A000542F91000026D922401054206B0031FF91000026D9224C1054206B0031FF9100B8
:2046C0000026D922581054206B0021FF74FF7BC02DF44BF201F016068B0F20F2EE097B40DB
:2046E0002BF44BF201F016038B0F20F26E0E910000F6D9FF70E0DA0074FF910000F6D9FFD1
:2047000078E0DA0074FF3C27910000F6D9FF70E091000026D9228800542F4BF341F0910025
:204720000026D922840054206B0471FF74FF910000F6D9FF78E091000026D9228000542FA2
:204740004BF441F091000026D922880054206B0171FF74FF910000F6D9FF70E054FFBBD05F
:20476000CC0C9BC0DC0B4B0F01F0AE26BBD0CCFC9BCFDCFB3C06910000F6D9FF70E054FF28
:20478000BBD0CC0C9BC0DC034B0F01F0370F61F06E18910000F6D9FF70E054FFBBD0CC0CAF
:2047A0009BC0DC0B4B0F01F0AE26BBD0CCFC9BCFDCFB3C06910000F6D9FF70E054FF3C057F
:2047C000BBD0CCFC9BCFDCF3910000F6D9FF74E091000026D9226000542091000026D92262
:2047E00074E054216B0F61F174FF910000F6D9FF78E054FFBBD0CC0C9BC0DC0B4B0F01F0B7
:20480000AE26BBD0CCFC9BCFDCFB3C06910000F6D9FF78E054FFBBD0CC0C9BC0DC034B0FED
:2048200001F0370F61F06E18910000F6D9FF78E054FFBBD0CC0C9BC0DC0B4B0F01F0AE269C
:20484000BBD0CCFC9BCFDCFB3C06910000F6D9FF78E054FF3C05BBD0CCFC9BCFDCF391001A
:2048600000F6D9FF7CE091000026D9226000542091000026D9227CE054216B0F61F174FFC6
:20488000910000F6D9FF74E054FF7B00F00B4B0F01F0AE247B00F0FB3C06910000F6D9FF78
:2048A00074E054FF7B00F0034B0F01F0370F61F06E14910000F6D9FF74E054FF7B00F00B03
:2048C0004B0F01F0AE247B00F01B3C06910000F6D9FF74E054F13C037B00F013910000F6B7
:2048E000D9FF74E074F1910000F6D9FF7CE054FF7B00F00B4B0F01F0AE247B00F0FB3C06DE
:20490000910000F6D9FF7CE054FF7B00F0034B0F01F0370F61F06E14910000F6D9FF7CE0FC
:2049200054FF7B00F00B4B0F01F0AE247B00F03B3C06910000F6D9FF7CE054F33C037B00ED
:20494000F033910000F6D9FF7CE074F3910000F6D9FF680091000026D9226400542F910021
:204960000026D9226000542091000026D922680054226B0F61F274FF910000F6D9FF4000D3
:2049800054FF910000F6D9FF70E054F0910000F6D9FF3CF054F24B1241106B0F61F16B0F0C
:2049A0002128910000F6D9FF400054FF910000F6D9FF78E054F0910000F6D9FF3CF054F1F1
:2049C0004B3141106B0F61F16B0F2139910000F6D9FF6C0091000026D92274F0542F67FFA0
:2049E000BFFF4B2F41F091000026D92278F054206B3071FF91000026D922541054206BA020
:204A000071FF7B00F0034B0F41F091000026D9226000542091000026D9226C0054216B0F9A
:204A200061F174FF910000F6D9FF74F091000026D9226C00542F91000026D92278F05420BF
:204A40004BA041006B2F61F091000026D922541054206B3071FF7B00F0034B0F41F0910020
:204A60000026D9226000542091000026D92274F054216B0F61F174FF910000F6D9FF78F0B0
:204A800091000026D9225410542F91000026D9226C0054204B30410091000026D92274F019
:204AA00054216BA171006B2F61F07B00F0034B0F41F091000026D9226000542091000026E3
:204AC000D92278F054216B0F61F174FF910000F6D9FF541091000026D9226C00542F9100CA
:204AE0000026D92274F054204B3041006BAF61F091000026D92278F054206B2071FF7B0092
:204B0000F0034B0F41F091000026D9226000542091000026D922541054216B0F61F174FFC7
:204B2000910000F6D9FF541054FF910000F6D9FF541054F0910000F6D9FF78F054F19100BB
:204B400000F6D9FF78F054F2910000F6D9FF6C0054F3910000F6D9FF6C0054F4910000F62D
:204B6000D9FF74F054F5910000F6D9FF74F054F64B6541506B4361356B2161136B0F614102
:204B80006D003542910000F6D9FF6C0091000026D9226C00542F4B2F51F074FF910000F610
:204BA000D9FF74F091000026D92274F0542F4B2F51F074FF910000F6D9FF78F09100002674
:204BC000D92278F0542F4B2F51F074FF910000F6D9FF541091000026D9225410542F4B2FEB
:204BE00051F074FF910000C6D9CC70F0910000F6D9FF74F054FF7B00000C4B0F41F09100EC
:204C000000F6D9FF541054F0910000F6D9FF6C0054F17B0000244B214110910000F6D9FF53
:204C200078F054F24B2141106B0F61416D00AB323B3033F39B5F26F44BF241F074CF9100BC
:204C400000C6D9CC7CF0910000F6D9FF6C0054FF910000F6D9FF74F054F0910000F6D9FFF9
:204C600078F054F1910000F6D9FF541054F24B2141106B0F61F17B0000044B0F414091000A
:204C800000F6D9FF541054FF910000F6D9FF541054F0910000F6D9FF6C0054F1910000F6F1
:204CA000D9FF6C0054F24B214110910000F6D9FF74F054F2910000F6D9FF74F054F36B32FD
:204CC0007111910000F6D9FF78F054F2910000F6D9FF78F054F36B3271116B0F61516D007F
:204CE0007F323B3033F39B5F26F44BF241F074CF910000C6D9CC5C10910000F6D9FF74F082
:204D000054FF7B0000044B0F41F0910000F6D9FF78F054F0910000F6D9FF6C0054F17B00A0
:204D200000244B214110910000F6D9FF541054F24B2141106B0F6141910000F6D9FF6C00E5
:204D400054FF910000F6D9FF6C0054F0910000F6D9FF74F054F1910000F6D9FF74F054F2E0
:204D60004B2141106B0F61F1910000F6D9FF78F054F0910000F6D9FF78F054F16B1071FFA8
:204D8000910000F6D9FF541054F0910000F6D9FF541054F16B10715F6D0022323B3033F367
:204DA0009B5F26F44BF241F074CF0090FF440B00538420F0910000F8D9FF1CB010FFD4F267
:204DC0003C02A0023C010090094F4C18161F3C0182003E0E82103E0E82203E0F8240BE00DD
:204DE0003B800000BE003B000100BE003C1282023C126D009E203C0F6D00E71F3C0C6D0082
:204E00000B203C096D006F1F3C066D00581F3C0382023C013C01009082F282003C17538018
:204E200020F0910000F8D9FF1CB010FFD4FF7D4F0D80538020F0910000F8D9FF1CB010FFDB
:204E4000481F370F48203C04C210BF40EAFF3C010090404F40F46DFFB9FF09FFD408370F65
:204E60006CF0C21F4B0F41F14BF251203C0100906DFFD4FF53C220F060FF9140003F30F3F8
:204E8000D93F002849F2080A3C0100906DFFC6FF53C220F060FF9140003F30F3D93200289D
:204EA000B0423C0100906DFFB9FF53C220F060FF9140003F30F3D93200283C010090494FC0
:204EC000081A3C0554FF345FB015C2F4FF14FCFF02423C0100902010404F0B541088026ACD
:204EE00089A7080909FF4C18161F78033C0140F46DFFB1FFC2188B4860F3370F68F074AF07
:204F00008B1A60F3370F68F0780154AF4B0F61F14BF941503BF026F19B3FA8F34BF5413096
:204F200082044B5251004B00716182108F461FF06E0D7B0018144B1941104B1251104B0189
:204F400071118F411FF06E023C010269821882074B0061014B0241F04B0661014B0F51002C
:204F60006B0031F582014B1F01F0AE046B0031B53C056B0031F567FFBFBF4B3B01F0160379
:204F80008B0F20F26E028214822D3C39DF2D05808210821E3C0773D70A004B8011028B1068
:204FA00000E03C234B0D61A14BA241A0036D0AC04B0C61F14BFA51C06B0C31F5820A4BAF2E
:204FC00001F0AE046B0C31A53C056B0C31F567FFBFAF4BAB01F0370F61F16E0602AB02D8B5
:204FE000036D0A900207C2107F0EDEFF4B3B01F016038B0F20F26E023C09C21DF647736D75
:205000000AF03BF0FF007FF0C3FF820440F46D00360009FFE00837097000370F0CF089FF74
:20502000A00809FFE20837087000370F0CF089FFA20809F0560854AFC2FF370F68F037F0D3
:2050400004F089FF160809F05708580137F004F089FF170858026E03DA013C02DA0009F08C
:20506000570837F081F389FF170840F409A40C096D00050082123C010090094F4C18374F84
:2050800005F0894F0C18F6493C01094F4F18370FE1F33C01EEFB3C093C01094F4F18370F1D
:2050A000E1F33C01DF1FFBFF0090494F041A3C0A145F74FFB015C2F43C010C4E161FFF1F10
:2050C000FE7FFF14F7FF02423C0100902008F4A4405DD4DFF44F40F46D00E00B820440F4A0
:2050E0006DFFCDFFDA0009F05A0837F002F089FF1A0809DFC80809F0D408C2FF370F70F08C
:2051000037F00CF0ACFA09D46C0840F46DFFB7FF09D4040909D54A0809D64D0809D74C089D
:2051200040F46DFFDAFE0228820440F46DFFA7FF09DF7C086E0382103C028200087F370F05
:2051400001F22CF709DF56086E03DA013C02DA0009F05B0837F001F389FF1B0809DF540829
:2051600009F05B0837F081F389FF1B0809DF510809F0590837F083F089FF190809DF53086C
:2051800009F05B0837F001F289FF1B0809DF550809F05C0837F004F089FF1C0809D058084C
:2051A00008CF370F02F32CFC09DF590809F0500837F002F389FF100809DF500809F0D80846
:2051C00037F003F3ACFC09D05A0808DF8BF0200337006800370F04F02CFD09DF5B0809F004
:2051E00051088BFF20F3370F68F037F004F089FF110809DF520809F05A0837F002F089FF21
:205200001A0809DCA809BD0C7900D4CEBD0E280009C0040809C95D084CE16E2109E48409BD
:2052200009E44808370068506D00460E09E4840909E4480802956D00710ED4E2DA016E0345
:2052400082103C0282000C27370F81F22C27D4E20CEC0920460837F002F02C2609CE8809C5
:20526000BD0E1E0009C00C0809C95D084CE16E1709E4840909E44808370068506D001C0E42
:2052800009E4840909E4480802956D00470ED4E20CEC0920440837F003F02C2409CE900901
:2052A000BD0E150009C5540809C95D0809E4840909E448080CECA6F56D00FE0D09E4840971
:2052C00009E4480802956D00290E09CE9809BD0E150009C55C0809C95D0809E4840909E42E
:2052E00048080CECA6F56D00E70D09E4840909E4480802956D00120E09D46C0840F46DFF9E
:20530000BEFEDA0089FF001982FF6CFFDA00D4A22C2E09DF6D082E0CDA016E03DA013C02C4
:20532000DA0009F0421837F001F089FF021809DF6D082E1CDA016E03DA013C02DA0009F0A7
:20534000421837F001F189FF021809DF6D082E2CDA016E03DA013C02DA0009F0431837F0C7
:2053600001F189FF031809DF6D082E3CDA016E03DA013C02DA0009F0431837F081F189FF1D
:20538000031809DF6D082E4CDA016E03DA013C02DA0009F0431837F001F389FF0318DA00F0
:2053A0002C2DDA002C2C09DF7D082C2FD20089205409DA006C240C2F82003E0482103E0485
:2053C0003C0682193C063BC000903C0382093C014CDC6E0C09D4B00909D4AE0802956D004D
:2053E0002423D4A4894284093C0909D4AE0802956D000723D4A4894284094CDE6E0C09D43F
:20540000B80909D4B40802956D000F23D4A4894288093C0909D4B40802956D00F222D4A4BA
:205420008942880909D9660809DFE208EE03DF39228040F46DFF2CFD09DFE2081420370F2E
:2054400068F037F008F0342F0C21379F82F12C210C2396022C23DA016E03DA013C02DA005A
:2054600009F0431837F001F289FF03180C2196042C2109DFE008EE03DF39228040F46DFFEC
:2054800014FD09DFE0081420370F68F037F008F0342F0C21379F82F12C210C2396022C23FE
:2054A000DA016E03DA013C02DA0009F0431837F081F389FF03180C2196042C2109DFE40833
:2054C0006E2140F46DFFD6FC09DFE4081420370F68F037F008F0342F0C21379F82F12C21E0
:2054E0000C2396022C23DA016E03DA013C02DA0009F0421837F001F089FF02180C21960483
:205500002C21DA016E03DA013C02DA0009F0500837F081F089FF1008DA016E0382103C025A
:20552000820008CF370F81F02CFC09FF5008960189FF100808CF96012CFC02823C010090B5
:20554000F445DA00894F3C08DA01894F2C08DA01AC447B107EF46C41DA032C4ADA002C4C1B
:20556000DA032C4DDA00894F1008DA01894F1108DA01894F1208DA00894F1308DA00894FF3
:205580001608DA00894F1408DA07894F1508DA01894F1808DA01894F1908DA00894F1A08CE
:2055A000DA00894F1B08DA00894F1C08DA00894FA208DA00894FA008DA00894FA408DA0052
:2055C000894F2608DAFF894F2D08A00FEC4AA00FEC4EA00FEC4CDA00894FAE08DA00894F10
:2055E000B408DA00894F3D080090D44F09FF760816013C016E0909FF7E08960189FF3E0801
:205600000C4E96012C4E09FF7608370F61F13C016E0909FF7E08960489FF3E080C4E960265
:205620002C4E09FF7708370F61F13C016E0909FF7F08960489FF3F080C4E96042C4E09FFAF
:205640007708370FE1F13C016E0909FF7F08960889FF3F080C4E96082C4E09FF7708370FC4
:2056600061F33C016E0909FF7F08964089FF3F080C4E96102C4E0090404F6D007D20022F1A
:2056800002F46D00791F821074F002F46D0094203C0114FF370FE1F0BA0F3C01DF1FFB7F1D
:2056A0000090404F6D006820022F02F46D00641F14F0B700010034F002F46D007D203C01A2
:2056C00014FF370FE1F0BA0F3C016EFB0090FF240B00538420F0910000F8D9FF20D010FF2C
:2056E000D4F23C02A0023C01009082F282003C17538020F0910000F8D9FF20D010FFD4FFD8
:205700007D4F0D80538020F0910000F8D9FF20D010FF481F370F48203C04C210BF20EAFFFE
:205720003C01009002486DFFE2FF914000FFD9FF6008530221F010FF534820F010F23C0196
:2057400000907643DF140980094F6C28375F02F0894F2C283C42DF240400DF340980094F6B
:205760006C28375F02F1894F2C283C37DF440400DF540980094F6C28375F02F2894F2C28E8
:205780003C2CDA0C7E48094F6C28375F02F3894F2C283C23DA0A3E43DA0D7E48094F6D28F4
:2057A000375F02F0894F2D283C18DF640400DF740980094F6D28375F02F1894F2D283C0DD1
:2057C000DA083E43DA097E48094F6D28375F02F2894F2D283C0200A00090404F0B45108834
:2057E000026A6D00A61B022B4B8B51406D00BD22022082033C0782224B200102F6023C05FA
:20580000C213DA103FF3F9FFDA107FF34B8076A682204B0911029AF03C029AF9370F700042
:2058200009F1E4083701100089F0A408DA018200820137F101133701011789F138198F73DC
:2058400000F182005380201082700F10000009F2301982F4C64026020F1F00F0A6F289F2A8
:2058600030198F8300F18B0F20F26E0DDA00538F20F0C23F82100FF0000009FF3019A60F51
:2058800089FF301909FF701837AF81F389FF3018DA010F3F00F04B0F61F14BFB51203C02C3
:2058A00082023C010090094054080C5C8B4FA0F237F001F3894F1408094051080C5C37F0DE
:2058C00002F3894F11080090404F024F02586D00301B02294BF951406D00472202208203E3
:2058E0003C0782224B200102F6023C05C213DA103FF3F9FFDA107FF33F80C2F837087000AD
:2059000009F1D4183701100089F09418820082118202370201233712012789F238198F73FF
:2059200000F182105380201082700F10000009F2301982F4C64026020F1F00F0A6F289F2B7
:2059400030198F8300F18B0F20F26E0DDA01538F20F0C23F82100FF0000009FF3019A60F6F
:2059600089FF3019DA010F3F00F04B0F61F14BF951203C0282023C010090094054080C5C40
:205980008B4FA0F237F081F3894F1408094054080C5C37F002F0894F14080090404D405F36
:2059A000C86C89DC900914CF370FE1F0BA0F3C01EE0440C46DFF77FE09FF5C081E1409FF38
:2059C0005D086E5CDA0182100FF000004CC1260F6E03DA013C02DA003C01EE08DA018210E6
:2059E0000FF000004CC1A60F6CC109FF69086E2248BF6E05C864C8B56DFFC1FFDA0109F08D
:205A00007008532F2010C22182320F1200204CC582F3C632262F0F100000A60F6CC5483F25
:205A2000370F70F009C0D41837F010F089CF94183C064824483540C46DFF48FF09FFF808F6
:205A400009C0D01837F010F089CF901809FF5D186E1409FF5D08EE1109FF7A0809C0741824
:205A600037F003F189CF341809FF7B0809C0741837F082F289CF34183C0109FF5C086E072A
:205A800009FF5D18EE0409FF5D086E644818820182100F1000004CC126F07603DA013C020F
:205AA000DA003C01EE08820082110F0100104CC1A61F6CC109FF5D186E0B09FF5D08EE084C
:205AC000484F6E0609FF7A085E5248483C0109FF60086E31489F6E05C864C8956DFFE5FE73
:205AE000DA0009F06808532F20F09221DA030F1F00204CC582F3C632262F0F100000A60F4C
:205B00006CC509FF740809C0701837F081F389CF301809FF74085E16DA024BF811028BF09F
:205B20001F80370870F009C0E40837F010F089CFA4083C0854F409F6740840C402856DFF49
:205B40004EFE09FFF60809C0E00837F010F089CFA00809FEA019BD0E2300D4ECBCCF09EF2A
:205B6000080809C4840909C44808370F68506D00A309D4C440C56DFF98FE09EC8409BCCFDB
:205B800009EF080809C4840909C44808370F68506D009209D4C440C56DFFF1FE09FFFE087A
:205BA0006E2CC86209F07C08DA010F0F00F009203029A6F089203029C86409F47C0809F5F6
:205BC0007D086DFFC0FDC86409F47D086DFFACFD09F0401809FFFE081421370F68F037F1FA
:205BE00008F0342F0C21370F82F12C210C2396022C230C2196042C2109FFC4186E2CC86245
:205C000009F04218DA010F0F00F009203029A6F089203029C86409F4421809F543186DFFE6
:205C200092FDC86409F443186DFF7EFD09F0461809FFC4181421370F68F037F108F0342FD9
:205C40000C21370F82F12C210C2396022C230C2196042C2109FFCA186E2CC86209F04818E0
:205C6000DA010F0F00F009203029A6F089203029C86409F4481809F549186DFF64FDC86440
:205C800009F449186DFF50FD09F04C1809FFCA181421370F68F037F108F0342F0C21370FDD
:205CA00082F12C210C2396022C230C2196042C2109FFD0186E2CC86209F04E18DA010F0FEE
:205CC00000F009203029A6F089203029C86409F44E1809F54F186DFF36FDC86409F44F1897
:205CE0006DFF22FD09F0521809FFD0181421370F68F037F108F0342F0C21370F82F12C213D
:205D00000C2396022C230C2196042C2109FF5C0889DF140849FF141A49D2180AA02444FFAF
:205D2000642FFC4E00902068910000F8D9FF3CB049FF000A49A2000AC506180044FF642F21
:205D4000FC6E49AF000A4942000AC506180044FF642FFC6E894598090090404F09FF54082D
:205D6000DF1F3780C842DA008210820137F10113370101178921381909FF6108EE28487FA0
:205D80006E1BC842821009FF6008532020008B80001082300F1000000922341982F3C6300C
:205DA00026020F1F00F0A6F289223419C844C8756DFFE5FD3C0BC842DA008210820137F10E
:205DC000811037018114892138193C013C0109FF54086E0409FF61086E32C842DA018200A2
:205DE000820137F101133701011789213819486F6E1BC842820009FF6008532020008B80BF
:205E0000001082300F1000000922341982F3C63026020F1F00F0A6F289223419C844C865AF
:205E20006DFF43FD3C0BC84FDA018200820137F181103701811489F138193C010090404FCB
:205E400040F46D002F0082504DC0E1FF16073C013E289110003030F3D933C04F54313C0320
:205E60004D00D01F3701E2F05E1382003C173701E2F0EE13534220F060FF9130003F30F364
:205E8000D93F1436081F16075E1382103C05081F16075E3282203C02825002023C010090C1
:205EA000822282003C17538020F0910000F8D9FF30D010FFD4FF7D4F0D80538020F0910076
:205EC00000F8D9FF30D010FF481F370F68203C04C210BF20EAFF3C010090404F024F40F4F3
:205EE0006DFFE0FF02286E031E325E4382093C0282195E23821A3C02820ADF1949804DC0B2
:205F0000E1FF16073C015F8F28006D00491C022802846D00591B913000CFD9CC143640F41B
:205F20006DFFC0FF534220F010C2142F37AF02F0342F02846D00671C9110003030F3D933CB
:205F4000C04F543FB72F82F09110003030F3D933C04F743F3C1C6D000F1C022B02B46D0045
:205F60000B1B913000FFD9FF1436534820F010FF9130002FD9221436534820F01022142F0A
:205F800037AF02F034FF02B46D00161C02923C01009082124DC0E1FF16073C01FF2F0B80AC
:205FA000538F20F0910000F8D9FF30D010FFD4FF3C02A00F3C017DF4048082023C1091101C
:205FC000003030434933088A543F06F4374F9FF09110003030434933088A743F3C0100909C
:205FE000404FDA0140F46DFFD6FF262F40F46DFF28FFF626821440F46DFF71FF262F02F29B
:206000003C010090913000FFD9FF004654FF370F6EF18FFF83813C01911000A7D9AA408F74
:206020000D0080043B0098F0CD4FE00F0D00C0044D00E0FFB70F14F0CD0FE00F0D00C0049E
:2060400082117617DA009601CD4F20090D00C0044DC0E1FF8F7F00213C01913000FFD9FFA8
:20606000004653C220F010FF54F037006E018FF083313C01913000FFD9FF004653C220F049
:2060800010FF54FF2E1B8F2320F0960154F0370070088F002100A6F074F08F2320F0960205
:2060A00054F0370070088F002100A60F74FF3C0154FF1601DF1FFE7FDA00761382003C02D0
:2060C0008210370F81F0CDCF20090D00C004913000FFD9FF004653C220F010FF54FF2E1B33
:2060E0008F2320F0960154F0370070088F002100A60F74FF86238F3340F154F037007008ED
:206100008F002100A60F74FF3C0154FF6F0FFF7F0D00C00482114DC0E1FF8F7F00213C015E
:20612000913000FFD9FF004653C220F010FF54F037006E018FF083313C01913000FFD9FF5B
:20614000004653C220F010FF54FF2E1B8F2320F0960154F0370070088F002100A6F074F033
:206160008F2320F0960254F0370070088F002100A60F74FF3C0154FF1601DF1FFE7FDA00FE
:20618000761382003C028210370F81F0CD0F04090D00C004913000FFD9FF004653C220F0B0
:2061A00010FF54FF2E1B8F2320F0960154F0370070088F002100A60F74FF86238F3340F174
:2061C00054F0370070088F002100A60F74FF3C0154FF6F0FFF7F0D00C004913000FFD9FFFF
:2061E000004654FF2E1B8F2820F0960154F0370070088F002100A60F74FF8F2820F0960235
:2062000054F0370070088F002100A60F74FF3C0154FF1601DF1FFE7F910000F8D9FF0040F0
:2062200080FFCD4FE20F0D00C00491F000F8D9FF000480FFCD0FE20F0D00C004911000F7F7
:20624000D9FF80CF80FFCD8FE20F0D00C004913000FFD9FF004654FF2E1B8F2820F09601A2
:2062600054F0370070088F002100A60F74FF8F2820F0960354F0370070088F002100A60F9B
:2062800074FF3C0154FF6F0FFF7F91000000D900000091000010D911000091000080D98898
:2062A000000091000090D9990000911000F7D9FFC00F91100027D922C001A004802080FFC5
:2062C000A2F0DA404BF0114282003C1E80FFB70F1CF08F4F1F1080FFBBF0FF2F0662262F35
:2062E00006AFA6F1F606CD81E30F0D00C0043C0274419AD47E05CDC1E30F0D00C00440F4DC
:2063000049FF001AC2103F40E3FFDA00744F6D00471A022F02846D00861902F46D00C71977
:206320006DFF7FE46D003C1A913000FF19FF30366F1F12008F2220F09601913000FF19F0CC
:206340003036370070088F002100A60F913000FF59FF303686228F2240F1913000FF19F0F2
:206360003036370070088F002100A60F913000FF59FF30363C01913000FF19FF3036160193
:20638000DF1FFB7FDA00913000FF59FF181691000048D944B8516D004A169130884F910070
:2063A00000F8D9FF38E680F46DFF1CFE911000F8D9FF10CBDC0F0090913000FFD9FF0C4644
:2063C00054FF370F6EF18FFF83113C01912000A6D9AA408B0D0080043B0098F0CD4FE00F62
:2063E0000D00C0044D00E0FFB70F14F0CD0FE00F0D00C00482127627DA009601CD4F200953
:206400000D00C0044DC0E1FF8F7F00313C01913000FFD9FF004653C320F010FF54F03700B4
:206420006E018FF083413C01913000FFD9FF004653C320F010FF54FF2E1B8F2420F0960164
:2064400054F0370070088F002100A6F074F08F2420F0960254F0370070088F002100A60FEC
:2064600074FF3C0154FF1601DF1FFE7FDA00762382003C028210370F81F0CDCF20090D0039
:20648000C004913000FFD9FF004653C320F010FF54FF2E1B8F2420F0960154F0370070083C
:2064A0008F002100A60F74FF86248F3440F154F0370070088F002100A60F74FF3C0154FF0B
:2064C0006F0FFF7F0D00C00482124DC0E1FF8F7F00313C01913000FFD9FF004653C320F0EE
:2064E00010FF54F037006E018FF083413C01913000FFD9FF004653C320F010FF54FF2E1B74
:206500008F2420F0960154F0370070088F002100A6F074F08F2420F0960254F03700700836
:206520008F002100A60F74FF3C0154FF1601DF1FFE7FDA00762382003C028210370F81F0E5
:20654000CD0F04090D00C004913000FFD9FF004653C320F010FF54FF2E1B8F2420F0960178
:2065600054F0370070088F002100A60F74FF86248F3440F154F0370070088F002100A60F5A
:2065800074FF3C0154FF6F0FFF7F0D00C004913000FFD9FF0C4654FF2E1B8F2120F096014E
:2065A00054F0370070088F002100A60F74FF8F2120F0960254F0370070088F002100A60F60
:2065C00074FF3C0154FF1601DF1FFE7F91F000F8D9FF000680FFCD4FE20F0D00C00491F0F1
:2065E00000F8D9FF000480FFCD0FE20F0D00C004912000F6D9FF80CB80FFCD8FE20F0D0007
:20660000C004913000FFD9FF0C4654FF2E1B8F2120F0960154F0370070088F002100A60F81
:2066200074FF86218F3140F154F0370070088F002100A60F74FF3C0154FF6F0FFF7F910067
:206640000000D900000091000010D911000091000080D988000091000090D9990000912020
:2066600000F6D9FFC00B91200026D922C00DA004802080FFA2F0DA404BF0114282003C1E09
:2066800080FFB70F1CF08F4F1F1080FFBBF0FF2F0662262F06AFA6F1F606CD81E30F0D00F2
:2066A000C0043C0274419AD47E05CDC1E30F0D00C00440F449FF001AC2103F40E3FFDA003E
:2066C000744F911000F8D9FF6A6BDC0F0090DA000950DA08370F0EF009505C08370F03F8DF
:2066E00009505D08370F81F909505E08370F01FA09505F08370F83FA09506108370F01FE92
:2067000009506008370F03FC6C4582010950640837010310095065083701811109506608D8
:206720003701041409506B083701011A095067083701031209506808370181130950690876
:206740003701041609506C083701811A09506A083701041809506D083701011B09506E0837
:206760003701011C09506F083701811C095F70086E0382203C028200095F71086E03DA013F
:206780003C02DA00A6F03701021D095F720837F1041E095F730837F1811B89411009095FD6
:2067A00006096C42095F0A096C43095F16096C41095F1209744F095F6A086E0A095F6A084C
:2067C0001E17095F6A081E24095F0E096C460090F4450090404F405CD4C2D42DF4FD09CF53
:2067E00004082CF409CF0408530F22F010D2D9220002E822C82440C56DFF6BFF820009CF0B
:2068000063086E05DA0137F001083C04DA0137F0810809FF0408534F20F010D25920C08162
:2068200009CFF4086E22D4F209FF0408BC21534F20F060FF9140003F30F3D93F40483C011C
:2068400009C0760809CFF40814F1370F68F037F108F034FF081F370F82F12CF1083F96024B
:206860002CF3081F96042CF100902038910000F8D9FF00E049FF000A49A2000AA0D644FFF2
:20688000642FFC6E49AF000A4942000AA0D644FF642FFC6EF4450090404F6D006D17022F34
:2068A00002F46D00691614F0B700010034F002F46D0082170090404C025809C488090CCC6E
:2068C0003704685002F46D00F70209C4880909C44C0802856D0022030CC482203E0B823064
:2068E000BE018240BE078250BE0D82605F0F23003C29D4CF09C05008084F370F81F02CF4EB
:206900003C22D4CF09C05008084F370F02F22CF43C1AD4CF09C05008085F370F02F02CF5CA
:206920003C12D4CF09C05008085F370F81F12CF53C0AD4CF09C05008085F370F81F22CF5BA
:206940003C023C010090404C025809C488090CCC3704685002F46D00AF0209C4880909C4DE
:206960004C0802856D00DA020CC482203E0B8230BE018240BE078250BE0D82605F0F230030
:206980003C29D4CF09C05008084F370F01F02CF43C22D4CF09C05008084F370F02F12CF44E
:2069A0003C1AD4CF09C05008084F370F02F32CF43C12D4CF09C05008085F370F01F12CF539
:2069C0003C0AD4CF09C05008085F370F01F22CF53C023C010090404F6D00CE16022F02F4DA
:2069E0006D00CA1591A0003030F3D933C04F5430B700010091A0003030F3D933C04F74302D
:206A000002F46D00D91600906D007B12913000FF39FF3506370F64F24B0F41F14BF2512091
:206A20003C013C01009037046800DA084BF00102DA0203F10AF6370F68F0DF1506808222FD
:206A40000FF210203C0482120FF210203C010090404F026F82066DFFE8FF6E0468126822E2
:206A60003C0268120090404F026F82066DFFDDFF6E04684268523C0268420090404F3B00E6
:206A800001606DFFD2FF74F20090404F024F0269820602F46DFFC9FF02283B0001600BF99B
:206AA00010486DFFC2FF8F0201F0A6F868680090DA01744F0090804F53042800420F60FFA5
:206AC0003C0148423C010090BC41DA024BF50102534020F053042100600F9140003F30F349
:206AE000D93FC06910F23C010090804F53042800420F60FF3C0168550090804F53042800B0
:206B0000420F60FF3C0168350090804F53042800420F60FF3C0168450090804F5304280095
:206B2000420F60FF3C0168250090804F53042800420F60FF3C01481F375F02F06CF1009034
:206B4000804F53042800420F60FF3C014890DA006CF948BF375F02F06CFB68907663DA0141
:206B60003C02DA0037F001F0767382103C028200370F81F06CF90090804F53042800420F5F
:206B800060FF3C01DF15048082103C028200481F370F81F56CF10090404C405F8218D4F2F4
:206BA000F4C2084F2CC4084F3B008000E20FD4F21022911000303023D93D000D89CD8809AF
:206BC00009FF05082CC549DE001A89CE8C0909FF52085E1709F40508821540E46DFF50FF2B
:206BE00009F405088215821640E46DFF50FF09F4050809F5500840D46DFFC0FF09F40508D4
:206C0000086540D46DFF93FF487F6E08C87409F4600809F561086D00240109FF54081E1587
:206C200009FF5508DF1F278009F4050809F5560809F6540809F7550840D46DFF83FFD4F462
:206C4000084409F505086DFF41FF09F0570809FFD8081421370F68F037F108F0342F0C216E
:206C6000370F82F12C210C2396022C230C2196042C2109FF52085E1E09F40508482540D47B
:206C80006DFF4DFF09F40508483540D46DFF37FF3C0D09F40508482540D46DFF38FF09F48B
:206CA0000508483540D46DFF22FF09F405088215820640E46DFFCEFE09F4050882158206FB
:206CC00040E46DFFD2FE09FF53085E1509C48C096DFFF0FE02823C010090F445DA002C44EE
:206CE000DA002C45DA146C42DA0A6C43DA01894F1008DA022C46DA00894F1108DA00894F84
:206D00001208DA01894F1308DA00894F1408DA00894F1508DA02894F1608DA00894F17084B
:206D2000DA00AC4CA00FEC47DA80894F2008DA00894F21080090404F024FC83409F40508F4
:206D4000821502F66DFF86FEC83409F40508821502F66DFF8AFEC8346DFFACFE0090404FFA
:206D6000024FC83409F40508820502F66DFF72FEC83409F40508820502F66DFF76FEC83400
:206D80006DFF98FE0090594400C00090194F08C0370F78F04B0F41F1194004C0370078003E
:206DA0004B0041014B0F51F06D0006004BF241203C0100906DFF2AFE3C010090404F0B547E
:206DC000108840F46DFFE4FF4B8251007B00F8136B0131004B0071814B0861116B013100B8
:206DE0007B00F0134B1001F0370F61F16E02C2186D00C214022A02A46D00BE13DA00BE906C
:206E0000DA013E9EDA023E9CDA033E9ADA043E98DA053E96DA06BE91DA07BE963C1C534991
:206E200020F010F2534920F010FF19FF0CC0378F18F0592F0CC03C1019FF24C0378F18F069
:206E400059FF24C03C0919FF28C0378F18F059FF28C03C023C0102A46D00AE140090404F34
:206E60000258481F8FCF1F00481F160F532F2020082F0F2F001082330F23003091A0012F89
:206E8000D922F04F534020F01022542F82F0C630260F2631A61F742FC82408CF09F55008EB
:206EA000A64502F46D000800C82408C402856D0035000090404F0B4510A849FC100A824053
:206EC0004B0A01828F3A00F1538F20C09140002FD922000E7D2F15806D004E14022F02F41E
:206EE0006D004A1309F0201982110FA1101082F2C621261089F0201902F46D005D14534881
:206F000020F010CFDAFF0FCF00F00FCB10B002F302B249F240080090404F0B4510886D00A1
:206F20002B14022A02A46D00271349FF001ADA084BF801028F7800F1534F2040534020F072
:206F400010FFDA0F0F4F00F00F49109002F3029249F2400802A46D002F1400902020404C35
:206F6000DA084BF401826D00F20E534920F010A2534920F010CF488F742F09CF500816FF58
:206F8000C21F4B0F41F14BF25100534920F010AF14FF163FC21F4B0F41F14BF0510053498E
:206FA00020F010AF14FF370F62F39211534920F010AF081F160342F1534920F010AF081F41
:206FC000370F62F142F14B0141F14BF051203C01009020080248405F3705E8FB8B0F20F212
:206FE0006E01820949A6000A028440F56D003900DA0037F9019014AF37F983900CA137F9BF
:2070000003920CA237F983930CA337F903950CA437F983960CA537F90398081FAE63DA00E9
:207020003C02DA0137F98199DA0037F9019A14FFAE53DA003C02DA0137F9819ADA0037F9EC
:20704000019B09FFC008370F66F3C2FF370F70F037F9859B3789049E02923C010090406CFF
:2070600082088209DA084BF40122094F500816FF9210534320F0104F09FF6008163FC21FA5
:20708000E2F0534320F0104F09FF6008370F62F39211534320F0104F09FF6108160342F1A9
:2070A000534320F0104F09FF6108370F62F142F173100AA0B025405D820B3C4E534B20F02A
:2070C00010DF54FFE2AF4B0F61F17B0000044B0F51C0820D820E3C328210532E20F00FF098
:2070E00010004B0041F14BFC51F07B00F0036B00214F6D000C16FF922180532E20F00FF2DF
:2071000010F04B0F41F14BCF01F016068B0F20F26E09C2F28B0240F3370F689002E8821D5E
:207120003C0FFF820B809A12C2FF8B0F40F3370F689002E8821D3C04C21EBF8ECFFFF6D3F3
:2071400082798278532B20F010CF2819532B20F010CF34F8C21BBF3BB3FF0090404C405FAF
:207160007641820854CF6E016D00F10D3C0109CF500816FFC21F4B0F41F14BF251F03C0127
:207180007B00F8034BF0513048103B800040821502463700E81BBA016E037B00F8037B0034
:2071A000F8134B0151703B0040929B499794024A3C4D4B0A41014B0341004B0751107B0072
:2071C000F0236B0221114B0131B1DA407FBF05003B0004B03C0973AB0A10FF410400822B15
:2071E0003C034EB2821B4B0B41114B1041006B07311082024B2101F0AE046B0731003C0545
:207200006B0731F067FFBF0F4B9001F06F2F1E804B9001F0AE264B9001F0AE036F06058088
:20722000020902A602B56F061180DA004BF001F0AE27DA004BF001F0370F61F06E03DA001B
:207240003C02DA016E023C04C2FAFF2AB47F3F5409006F0607006F050580025F026502F67C
:20726000DA024BF601229AD2370F4800C2F5370568F037F80680DA024BF601421A52C2FF47
:20728000370F68F037F802838E03020F3C02DA0037F802858E0382323C01370268F037F8EA
:2072A0000284088FAE43DA013C02DA0037F80186088FAE33DA003C02DA0137F88186089FCF
:2072C000370FE1F237F8018702823C0100900248BC416D003C0DDA004BF801F0AE217B0038
:2072E00008F44BF841F04BF251004B0031F14B0F41F16B0F31F07B00F0134B1F01F0AE2451
:207300004B0031F13C044B0031F1C21F8B1F40134B0161F14BF251F06B0F31F882004B0FDA
:2073200001F0AE084B0161F14BF251F06B0F31583C094B0161F14BF251F06B0F31F867FF1D
:20734000BF5F82463C2C4B0661F14BF841F04BF251F07B00F0036B0021FF4B0F71017360B2
:207360000AF04B0F61F14BF251306B0331F882044B4F01F0AE046B0331383C056B0331F8A0
:2073800067FFBF3F4B5301F0AE247603023502013705E8FB6E02F6023C06C2163B801FF00A
:2073A0007F6FD3FFC2F18B0140233C010090FF440B00538420F0910000F8D9FFB44110FF04
:2073C000D4F23C02A0023C01009082F282003C17538020F0910000F8D9FFB44110FFD4FFD6
:2073E0007D4F0D80538020F0910000F8D9FFB44110FF481F370F48203C04C210BF40EAFFDD
:207400003C010090494F102A3C0554FFB45FB025C2F4FF14FC7F0090494F102A3C0554FF17
:20742000745FB045C2F4FF14FC7F0090494F102A3C0554FF345FB015C2F4FF14FC7F00901E
:20744000DA010F4F10F0370F70F009410819765737017008A6F0370110183C08370170087B
:2074600082F2C6F2262037011018766737017000A6F0370110103C083701700082F2C62F72
:2074800026F037011010894108190090DA084BF40102534120F0104F49FF241A3C06095FAC
:2074A000C00874FFB025C2F5FF15FB7F0090DA084BF40102534120F0104F49FF241A3C05F9
:2074C000545F74FFB045C2F5FF15FC7F0090DA084BF40102534120F0104F49FF241A3C05CD
:2074E000145F74FFB015C2F5FF15FC7F0090094F4518EE047B1000F03C02DA01CC4D09406E
:2075000078080F0F10F06CF10090094288093C010090094F4518EE03DA013C037B1000F0FC
:20752000CC4D094078080F0F10F06CF10090404F405C406D0248D4FE40E46D008F0502291A
:20754000DF093680ECE2084F96012CF4E84CA8A8821089F00718E86DA8E848FF6E05C8F2AA
:2075600040F42D02000009FF49181E1409FF49185E3540F46D0047093C1A09FF4918DE4241
:2075800009E2A80909E4A809094FD818C2F837087000370F10F0892F981840F46D00330975
:2075A0003C06C8AF09E488092D0F000002923C01009082020C44AE04D44F481F6E028212E3
:2075C0003C0100902010404C405DD4D2D42FF802C8AFF801D4DFF4CF0CC4B70F01F02CC485
:2075E00009DF640889CF081809DF650889CF091809DF260989CF0C1909DF2A0989CF1019C1
:207600000CD8370F61F1D80109F0510837F0010389F0110849DF1C0AF4AF5E1754FFEE055A
:20762000DA0089CF04183C07CCD7481F370F68F089CF041809C04418DA084BF0018253493C
:2076400020F009A48409104F029440D56DFF88FD022F6CF809C4441849D5080A4CD109A42D
:20766000840902F56DFFB7FC022F6CCC821009CF44180FF000008F0001100CD9AE43DA00E9
:207680003C02DA0109C444180F4F10F0D80149FF081A8F000140A640A6F10203021249F266
:2076A000400809CF7308370F64F28F7F004109A484096DFF55FC4B0231F189CF0A09D4AFF0
:2076C00054FFEE07A00FECCFA00F89CF80193C46D4FF09F2C80989C2F4090CD9370F61F271
:2076E00089CF05180CD86F1F2280910000F8D9FF6E37ECCF910000F8D9FF524789CF801955
:2077000040C46DFF08FFD4AFD4FF09D5600809DA6108DA80C82408C4A6F56DFFCDFBC8243D
:2077200008C402A56DFFFAFB3C19A00FECCFA00F89CF8019D4A2D42F09D5600809DA61080B
:20774000D422092F5008C82408C4A6F56DFFB4FBC82408C402A56DFFE1FB09DFC808370F90
:2077600066F389CF0618911000F8D9FF1C48ECCA911000F8D9FF2A18ECCBD80209FF461805
:207780006E119110002F09F00518534920F0D80110FF49FF241A530022F0102280FF592FCC
:2077A0000C0282023C010090404C40C46D001212A00FECC7DA8089CF2008DA0089CF2108B2
:2077C000A00FECC7DA0089CF2008DA0089CF2408DA0289CF250882FF89CF2609DA0089CFF4
:2077E0002A0900902040404C405DCCD5F80F6D00C30F022802846D00BF0E14FFB70F01F0A2
:2078000034FF09DF58086E03DA003C02DA0114F037F081F134FF02846D00CE0F820809D482
:20782000100909A4BC096DFF54FD370268F037F80880DA0F37F80485DA0037F8828C09DF18
:2078400059086E03DA013C02DA0037F8818DDA0137F8048E68484CD489CF0819820009DFD7
:20786000C6086E043BF01FF03C02DA0037F00900820109DFC408EE0409DF66086E028211C4
:2078800037108104820109DFC208EE0409DF66086E0282113710010509DF5B0837F00208D3
:2078A00009DF5C0837F0020909DF680837F0020D09DF690837F0020E685009DEA009BD0E19
:2078C0003B00D4EFBCFF0CE409E85508C814088408C5A6F56DFFF0FAC814088402856DFF30
:2078E0001DFBCCE2BCFF0CEC09E85508C814088408C5A6F56DFFE0FAC814088402856DFF50
:207900000DFBCCE4BD0F180009EF140809E85508C8140884370F68506DFFCEFAC814088467
:2079200002856DFFFBFAD4F2D4F40C4408C0370F03F02C24D80FECCAF4CCDA006CC1A00F1D
:20794000ECC2910000F8D9FF6E47ECC5910000F8D9FF7267ECC609DF66086E0C910000F86D
:20796000D9FFD447ECC7910000F8D9FFC827ECC83C0B911000F8D9FF3E08ECC7911000F813
:20798000D9FF2408ECC8910000F8D9FFC6C7ECC909DF6608DF0F8C00DA0189CF061849A47E
:2079A000000A9110005F6DFF15F749A4040A49A5000A6DFF5CF709DF250889CF051809CF31
:2079C00005182CA8DA0089AF2708DA0189AF3408DA0089AF0A09DA0089AF2A08DA0089AFAB
:2079E0002F08DA00ACAFDA0089AF2308D80F49FF241A80FF89AF0E09DA0089AF2D08DA0181
:207A000089AF3008DA0089AF2108DA0089AF2208DA0089AF20080CD889AF3A0809DFC40833
:207A200089AFB80849C4380A49A5040A6DFFD4F609DF240889CF041809CF04182CA8DA00A3
:207A400089AF2708DA0189AF3408D80F49FF102A80FF89AF0A09DA0089AF2A08DA0189AFE6
:207A60002F08DA0089AF0E09DA0089AF2D08DA0089AF3008DA00ACAFDA0089AF2108DA00CB
:207A800089AF2208DA0089AF2308DA0089AF20080CD889AF3A0809DFC20889AFB80849C4F8
:207AA0002C0A49A5040A6DFF97F63C04DA0089CF0618BBF0FFFFD80F89FF141909CF461890
:207AC0006E4509A4BC096DFF82FC914000FFD9FF1068538221F010FF3C01823009DF25087E
:207AE000370F70F014F1370F68F037F108F034FF081F370F82F12CF1083F96022CF3081FC8
:207B000096042CF109A4BC096DFF61FC914000FFD9FF1068538221F010FFB04F3C01823070
:207B200009DF2408370F70F014F1370F68F037F108F034FF081F370F82F12CF1083F9602B9
:207B40002CF3081F96042CF13C6D09DFC4086E2109A4BC096DFF3BFC914000FFD9FF106807
:207B6000538221F010FF3C0109D0480809DFC40814F1370F68F037F108F034FF081F370F93
:207B800082F12CF1083F96022CF3081F96042CF109DFC2086E2209A4BC096DFF18FC914074
:207BA00000FFD9FF1068538221F010FFB04F3C0109D0480809DFC20814F1370F68F037F19F
:207BC00008F034FF081F370F82F12CF1083F96022CF3081F96042CF109DFC6086E2309A4AD
:207BE000BC096DFFF4FB914000FFD9FF1068538221F010FF49FF080A3C0109D0480809DFA8
:207C0000C60814F1370F68F037F108F034FF081F370F82F12CF1083F96022CF3081F9604E4
:207C20002CF1D80F09FF5308960189FF13080090404F405C40F46D001910E85CDA0089FF78
:207C40001808DA0089FF1908DA0089FF1A08DA0089FF1B08DA0089FF1C08DA0089FF280860
:207C6000DA0089FF2908A002E88282FF89FF240882FF89FF2508DA0089FF2608BB00C2FBF2
:207C80009BEFC3F46CF40090911000CF094804186DFF3DFC402F530822F010C2392F1E02FB
:207CA000370F61F18B0F2002DF100D80530822F010C2530822F010C4394F1F029604E92F19
:207CC0001F023C01DF00110009FF00196E0609F2801940F42D020000084FB70F01F02CF49C
:207CE000D4F46D001A02530822F010CF39FF1E02370FE1F18B0F20F25E1C530822F010CF05
:207D0000530822F010C2392F1F029604E9FF1F023C010090404C40C46DFFF9FB402F91102B
:207D2000005F09C1051809C6A80949F7100A530122F01052392F1E02370FE1F18B0F2002FF
:207D4000DF100D80530122F01052530122F01054394F1F029604E92F1F023C01DF001A0063
:207D6000530122F0105F39FF1E02370F61F18B0F20F25E1C530122F0105F530122F010527B
:207D8000392F1F029604E9FF1F023C011D00BC0009FF49181E1509FF4918DF3F2580530185
:207DA00022F0105F39FF1E02370F61F18B0F20F25E1C530122F0105F530122F01052392F27
:207DC0001F029604E9FF1F023C01534120F0105F534120F01052392FC2819602E9FFC2811B
:207DE0001D00920009FF4918DF4F2480530122F0105F39FF1E02370F61F18B0F20F25E1CAE
:207E0000530122F0105F530122F01052392F1F029604E9FF1F023C01534120F0105F5341B5
:207E200020F01052392FC2819602E9FFC2813C6B530122F01052392F1E02370F61F18B0F39
:207E40002002DF100D80530122F01052530122F01054394F1F029604E92F1F023C01DF005A
:207E6000530088AFBF2F5000530122F01052530122F01054394F1F029604E92F1F02534198
:207E800020F01052534120F01054394FC2819602E92FC281547FEE0C48CF8210370F01F0FD
:207EA000896F201909FF0C19896F24193C2C48CF8210370F01F0896F201909FF4618FF9FB2
:207EC0000A80D47288AF102F09FF7FF8896F24193C1A09F04618DA103F0F0D8088AFC2FF3E
:207EE000532F20F0D47F10FF09FFC008896F24193C0A88AFC2FF534F20F0D47F10FF54FFE4
:207F0000896F24190090404C09C2A809092FC0188FFF1F813C01BBF0FF0F8920141940C486
:207F20006DFFF5FA402F911000DF6F08070009FF4A18960189FF0A186F18070009FF4A18D6
:207F4000960289FF0A186F28070009FF4A18960489FF0A186F78070009FF4A18968089FF9D
:207F60000A186F38070009FF4A18960889FF0A186F48070009FF4A18961089FF0A186F5840
:207F8000070009FF4A18962089FF0A186F68070009FF4A18964089FF0A18DF08110009FF48
:207FA00000196E0609F2801940F42D020000084FB70F01F02CF4D4F46D00AF0009CF4618F5
:207FC0006E3109C00418530022F010DF39FF1E02370F61F18B0F20F25E1C530022F010DF5F
:207FE000530022F010D2392F1F029604E9FF1F023C0109C00518530022F010DF39FF1E023F
:20800000370F61F18B0F20F25E1C530022F010DF530022F010D2392F1F029604E9FF1F02DB
:208020003C010090404F40F46DFF71FA0925AC0940242D050000484FC21F6CF40090404F69
:2080400040F46DFF64FA0925A80940242D050000483FC21F6CF30090DA01494F0408EE03E6
:2080600082023C0282123C010090404FD4F2D4220924A80949FC180A094F4218370FE30171
:208080003C0188EF0B0F80F1370F508054CFEE0A82003C05094110293C01C2103F80FC7FE1
:2080A0003C2609F04618FF900B80D4C502846DFFBFF9D4C201280026F4C23C1909F0461863
:2080C000DA103F0F0C80D4C502846DFF9DF9532820F0D4C21022F4C23C0AD4C502846DFFE1
:2080E0009DF9534820F0D4C21022F4C288EFA28FACFE88EFEE1009FF00196E0609F28019D1
:2081000040F42D020000084FB70F01F02CF4D4F46D0003000090DA006C4100902008404F38
:2081200049FD100AD4F2D42C09CF4618DF0F7E02911000EF09C4A809F4A46DFF48F953824D
:2081400021F03C0109C8051809C904184DC0E2FF370FE1F78B0F20A23C010D004003000000
:208160003C0188AFBF2FE50088AF92F0530822F010E2530822F010E4B94F1402370070007A
:20818000370F0EF0F92F140209FF4618FF9F10808200530822F010E2530822F010E4394FFF
:2081A0001602370F83F2E92F16023C2109F04618DA103F0F10808210530822F010E25308F4
:2081C00022F010E4394F1602370F83F2E92F16023C0E8220530822F010E2530822F010E462
:2081E000394F1602370F83F2E92F160254DFEE4049F20C1A802FB70F1C007B0000FDFE012A
:208200004DC0E1FF16073C0149F20C1A8020B7000C0AB770030E7B000011E21FA2F03C04B2
:2082200049F20C1A8020530822F010E259200802820082118222530822F010E219231002F5
:20824000370303303713813137230434530822F010E259231002530822F010E2530822F06A
:2082600010E4394F12029610E92F12023C3A54DFB70F1C007B0000FD7E0F4DC0E1FF160702
:208280003C0154D0B7000C0AB770030E7B000011E21FA2F03C0254D0530822F010E259201F
:2082A0000802820082118202530822F010E219231002370303303713813137230434530818
:2082C00022F010E259231002530822F010E2530822F010E4394F1202B70F01F2E92F1202CB
:2082E000D4A24922241A530822F010E4802F594F0C02820082118202530822F010E2192365
:208300001002370303323713813337230436530822F010E259231002530822F010E25308A3
:2083200022F010E4394F1F029604E92F1F0288A0530922F010E2530922F010E4B94F1402B3
:2083400037007000370F0EF0F92F140209FF4618FF9F10808200530922F010E2530922F010
:2083600010E4394F1602370F83F2E92F16023C2109F04618DA103F0F10808210530922F002
:2083800010E2530922F010E4394F1602370F83F2E92F16023C0E8220530922F010E2530956
:2083A00022F010E4394F1602370F83F2E92F1602486FEE4049F2101A802FB70F1C007B00D6
:2083C00000FDFE014DC0E1FF16073C0149F2101A8020B7000C0AB770030E7B000011E21FC3
:2083E000A2F03C0449F2101A8020530922F010E259200C02820082118222530922F010E2A6
:2084000019231002370303323713813337230436530922F010E259231002530922F010E2BF
:20842000530922F010E4394F12029620E92F12023C3B486FB70F1C007B0000FDFE004DC0C9
:20844000E1FF8F7F00013C01486FB70F0CFAB77F031E7B0000F1E2F0A2013C0248615309F2
:2084600022F010E259210C02820082118202530922F010E2192310023703033237138133BC
:2084800037230436530922F010E259231002530922F010E2530922F010E4394F1202B70F36
:2084A00081F2E92F1202530922F010E2530922F010E4394F1F029604E92F1F02BBF0FFFF36
:2084C000D4A4894F14196DFF82F79140002FD9221068538221F010223C010C2396022C235C
:2084E000D4A46DFF74F79140002FD9221068538221F01022B0423C010C2396022C23D4A4E5
:208500006DFF65F79140002FD9221068538221F010224922080A3C010C2396022C235309DC
:2085200022F010E2530922F010E4394F1F029604E92F1F02534920F010E2534920F010E41B
:20854000394FC2819601E92FC28188AFBF2F2B00530822F010E2530822F010E4394F1F02A5
:208560009604E92F1F02534820F010E2534820F010E4394FC2819601E92FC28109FF4818C7
:20858000EE0948CF8200370F01F0D4AF89FF20193C0848CF8210370F01F0D4AF89FF201968
:2085A0003C3F54DFEE0E48CF8210370F01F0D4A2892F201909FF0C19D4AF89FF24193C30E9
:2085C00048CF8210370F01F0D4A2892F201909FF4618FF9F0B80D4D288AF102F09FF7FF82A
:2085E000D4AF89FF24193C1C09F04618DA103F0F0E8088AFC2FF532F20F0D4DF10FF09FF6A
:20860000C008D4AF89FF24193C0B88AFC2FF534F20F0D4DF10FF54FFD4AF89FF241976A3E3
:208620000D0000031D00EE0088AFBF1FEB00D4F2D422092CA80909FF7308370F644209CF36
:20864000421816073C018B4F000109FF47185E12C2F088AF7E02C2F088AF0B0F80F1370F91
:208660005080BF18CF0088AF5280A8A088AFEE0382113C02820109FF4718DE11BF2810006A
:2086800088AF6E0D4DC0E20F3700E1078B0020923C010D00400300003C013C084DC0E20FC2
:2086A0003700E1078B0020923C0109FF4718DE14820089F0071809FF4818EE0848CF8200B7
:2086C000370F01F089CF20193C0748CF8210370F01F089CF201954DFEE1E09F00C19DF01E1
:2086E000130082013C0489C02419C2119AF83FF1FC7F48CF8211371F01F089CF201989C043
:2087000024193C08DA003C0489C02419C21F3F8FFD7F3C7409FF4618FF9F2480DF011800BD
:20872000BF280800D4D59AF840C402F56DFFD1F648CF8210370F01F089CF2019D4DF01F8C4
:2087400000F609FF7FF889CF24193C06D4D540C402856DFFBEF6D4DF01F800F6F4DF3C4E7A
:2087600009F04618DA103F0F2780DF011A00BF280800D4D59AF840C402F56DFF89F648CFA2
:208780008210370F01F089CF2019C2F8532820F0D4DF10FF09FFC00889CF24193C0BD4D523
:2087A00040C402856DFF74F6532820F0D4DF10FFF4DF3C24DF011900BF280800D4D59AF8B5
:2087C00040C402F56DFF75F648CF8210370F01F089CF2019C2F8534820F0D4DF10FF54FFDC
:2087E00089CF24193C0BD4D540C402856DFF61F6534820F0D4DF10FFF4DF76930D0000034D
:2088000000902008404D49DF100AD4D2D42C8CDA82404B0F0102F6188CDA82404B0F010213
:20882000370068F03C088CDA82404B0F0102370068F0C21F370F688009DF49189E4B8CDAAA
:208840003B0001004B0F0102F6198CDA3B0001004B0F0102370068F03C098CDA3B000100FB
:208860004B0F0102370068F0C21F42F8C2F83708688009CF4618DF0F2102911000EF09C46C
:20888000A809F4A46DFFA3F5538221F03C0109C9051809CA04184DC0E2FF370FE1F78B0FE4
:2088A00020B23C010D00400300003C01530922F010E2530922F010E4B940140237800E0086
:2088C000F92014028220530922F010E2530922F010E4394F1602370F83F2E92F160254FF27
:2088E000B70F1C007B0000FD7E0F4DC0E1FF16073C0154F0B7000C0AB770030E7B00001175
:20890000E21FA2F03C0254F0530922F010EF59F00802820082118202530922F010EF19F370
:208920001002370303303713813137230434530922F010EF59F31002530922F010EF530996
:2089400022F010E2392F1202B70F01F2E9FF120209DF49189E4DD4AF49FF1C1A530922F03F
:2089600010E280FF592F0C02820082118202530922F010EF19F3100237030332371381335F
:2089800037230436530922F010EF59F31002530922F010EF530922F010E2392F1F02960488
:2089A000E9FF1F028CDA82404B0F0102F6188CDA82404B0F0102370068003C088CDA82408B
:2089C0004B0F010237006800C210530A22F010EF530A22F010E2B92F140237007000370F0F
:2089E0000EF0F9FF14028220530A22F010EF530A22F010E2392F1602370F83F2E9FF1602BF
:208A00004CD6EE4049DF101A80FFB70F1C007B0000FDFE014DC0E1FF16073C0149DF101A43
:208A200080F0B7000C0AB770030E7B000011E21FA2F03C0449DF101A80F0530A22F010EF32
:208A400059F00C02820082118222530A22F010EF19F3100237030332371381333723043679
:208A6000530A22F010EF59F31002530A22F010EF530A22F010E2392F12029620E9FF12022D
:208A80003C3C4CD6B70F1C007B0000FDFE004DC0E1FF8F7F00013C014CD6B70F0CFAB77F87
:208AA000031E7B0000F1E2F0A2013C0309D11809530A22F010EF59F10C028200821182021B
:208AC000530A22F010EF19F31002370303323713813337230436530A22F010EF59F310023D
:208AE000530A22F010EF530A22F010E2392F1202B70F81F2E9FF1202530A22F010EF530A2B
:208B000022F010E2392F1F029604E9FF1F02BBF0FFFFD4A4894F14196DFF59F4914000FF76
:208B2000D9FF1068538221F010FF3C01083F96022CF3D4A46DFF4BF4914000FFD9FF106872
:208B4000538221F010FFB04F3C01083F96022CF3D4A46DFF3CF4914000FFD9FF10685382DD
:208B600021F010FF49FF080A3C01083F96022CF3530A22F010EF530A22F010E2392F1F02E8
:208B80009604E9FF1F02534A20F010EF534A20F010E2392FC2819601E9FFC28109DF491831
:208BA000DF3F308009D09408DA103FF00A0009D0F208DA0F37F085F389DFB2083C0B09D0B2
:208BC000F2088CDAC2FF370F70F037F085F389DFB20809D09408DA103FF0090009DF700816
:208BE000B70F01F089DF30083C0609DF7008960189DF300809DF7208964089DF32083C37F8
:208C000009DF4918DF1F248009D09408DA103FF00A0009D0F208DA0F37F085F389DFB20854
:208C20003C0B09D0F2088CDAC2FF370F70F037F085F389DFB20809DF7008960189DF3008F5
:208C400009DF7208964089DF32083C1109DF7008960189DF300809DF7208964089DF32087C
:208C600009DFF208B70F85F389DFB208530922F010EF530922F010E2392F1F029604E9FFDA
:208C80001F02534920F010EF534920F010E2392FC2819601E9FFC28109DF49181E464CDC28
:208CA000D4AF89FF1C193C054CDCD4AF89FF201976B30D0000033C010090913000FFD9FF29
:208CC000300654F8370864F0EE0382023C096D003E00370864F04B0F41F14BF251203C0110
:208CE0000090913000FFD9FF300654F8370864F2EE0382023C096D002A00370864F24B0FF5
:208D000041F14BF251203C01009002486D0050018200DA003E84DA013E873C0B913000FFD9
:208D200019F000263C08913000FF19F004263C0382023C0176094B0061F17B0028044B0FB0
:208D400051F04BF241203C0100906D00DA00913000FF39FF3106370F6402DA003E0CDA0146
:208D6000BE0BDA02BE0EDA035F0F2100DA045F0F23003C26913000FF39FF0C16160FEE0216
:208D80003C0A913000FF39FF0C16160F4B0F41F14BF251203C177B0017F44BF251203C123F
:208DA0007B001FF44BF251203C0D7B0027F44BF251203C087B002FF44BF251203C03820297
:208DC0003C013C010090910000F6D9FF601054FF4B0F61213C010090913000FF39FF370689
:208DE000370F62F2EE06BB00C22B9BE2CB243C11913000FF39FF3706370F62F25E199100AD
:208E000000F6D9FF601054FF4B0F61213C0282023C010090913000FFD9FF00066DFFDEFF6F
:208E200009FF640816015E1A09FF6E08167FC21F4B0F41F14BF251203C2409FF6408370FE7
:208E4000E1F15E1EBB00C20B9BE0CB0409FF6C08167FC21F4B0F41F14BF051203C1209FF72
:208E60006908370FE5F0C21F4B0F41F14BF2410009FF6C08167FC21F4B0F41F14BF0512051
:208E80003C010090913000FFD9FF00066DFFA6FF09FF540816015E1A09FF5E08167FC21F7F
:208EA0004B0F41F14BF251203C2909FF5408370FE1F15E1EBB00C20B9BE0CB0409FF5C08DD
:208EC000167FC21F4B0F41F14BF051203C1709FF5908370FE7F0C21F4B0F41F14BF2411010
:208EE00009FF5C08167F921009FF5B08160FC21FE2F04B0041F14BF151203C0100909130D4
:208F000000FF39FF3306370F62F282003E0482103E083C0ABB00C22B9BE2CB243C013C06D2
:208F20006DFFB2FF3C0382023C013C0100906DFFE8FF913000FF39FF3106370F6402DA003F
:208F40003E0CDA01BE0CDA02BE0FDA035F0F2200DA045F0F24003C27913000FF39FF320609
:208F6000160FEE0382023C0A913000FF39FF3206160F4B0F41F14BF251203C177B001FF4A1
:208F80004BF251203C127B0027F44BF251203C0D7B002FF44BF251203C087B0037F44BF2D5
:208FA00051203C0382023C013C0100906DFFA9FF913000FF39FF3106370F6402DA003E0C60
:208FC000DA01BE0CDA02BE0FDA035F0F2200DA045F0F24003C27913000FF39FF3106160FAF
:208FE000EE0382023C0A913000FF39FF3106160F4B0F41F14BF251203C177B001FF44BF20A
:2090000051203C127B0027F44BF251203C0D7B002FF44BF251203C087B0037F44BF2512020
:209020003C0382023C013C010090404F820891000026D922601009FF0819742F6D009C0350
:2090400002296D00AD03022A02946D0095029130002F392F3046370FE1B19130002F392F04
:20906000304696089130002FE92F304602946D00A30302A46D00A8023C019130002F392F63
:209080003306370FE1F3EEFA9130002F392F3306B70F02F29130002FE92F33069130002F19
:2090A000392F330696409130002FE92F33069130002F392F180696109130002FE92F1806B6
:2090C0003C019130002F392F3306370FE1F3EEFA9130002F392F3706B71F02F29130002F71
:2090E000E92F37069130002F392F370696409130002FE92F37066D00B001A62802A46D006C
:209100008203DF087E8102A46D005E023C019130002F392F1406370FE1F26EFA9130002F51
:2091200039201C0608AF37F007F09130002FE92F1C069130002F39201B06088F37F004F099
:209140009130002FE92F1B069130002F39201906089F37F087F09130002FE92F1906913051
:20916000002F392F180696409130002FE92F18069130002F392F1A06B70F01F09130002F1F
:20918000E92F1A069130002F392F180696209130002FE92F18069130002F392F1A06960136
:2091A0009130002FE92F1A069130002F392F1A0696049130002FE92F1A06BB70714B9B14B7
:2091C00085436D00A7013C019130002F392F1406370F61F16EFA9130002F392F1806B70FC7
:2091E00001F09130002FE92F18063C019130002F392F3306370FE1F3EEFA9130002F392F30
:209200003306B71F02F29130002FE92F33063C019130002F392F3306370FE1F3EEFA4834BE
:209220006D0078019130002F19203006485F82F1C61F26F0485F4841261FA6F0DA0137F0C7
:20924000020EDA0137F0010F9130002FD922300674203C019130002F392F3706370FE1F34B
:20926000EEFA9130002F19203406487F82F1C61F26F0487F4861261FA6F0DA0137F0020E11
:20928000DA0137F0010F9130002FD922340674203C019130002F392F0316370FE1F3EEFA53
:2092A0009130002F19200016489F82F1C61F26F0489F4881261FA6F0DA0137F0010F9130BC
:2092C000002FD922001674203C019130002F392F0F16370FE1F3EEFA9130002F19200C16B3
:2092E00048BF82F1C61F26F048BF48A1261FA6F0DA0137F0010F9130002FD9220C1674207B
:209300009130002F1920002648DF82F1C61F26F048DF48C1261FA6F09130002FD92200264D
:2093200074209130002F1920042648FF82F1C61F26F048FF48E1261FA6F09130002FD9225B
:209340000426742002A46D005E029100802F192F140209F0041982F1C610260F09F0041994
:2093600082F1C610260F09F0041909F100192610A60F02946D0000019100802FD922140206
:20938000742F02946D001802820C3C3702A46D001B013C019130002F392F1406370FE1F215
:2093A0006EFA9130002F39201C0653CC20F0C8121022142F37F007F09130002FE92F1C0614
:2093C00002A46D00200253CC20F0C81210224C226E0953CC20F0C8121022092288092D0212
:2093E000000053CC20F0C8121022092402096D009100C21C370C68C014FF3FFCC9FF02A4F7
:209400006D00E200913000FF39FF1806B70F01F3913000FFE9FF180602A46D00F4010294C9
:209420006D00AA00913000FF39FF2C469608913000FFE9FF2C46913000FF39FF304637BF8F
:2094400081F1913000FFE9FF304602946D00B40102823C0100903B00288082096D008C010B
:20946000022A913000FF39F01006B7008202913000FFE9F01006913000FF39F01206910045
:2094800000F6D9FF601054F13B005AF29B6F02F04BF111229AF2370F68F037F005F0913050
:2094A00000FFE9FF1206913000FF39FF10069604913000FFE9FF10063C05C2F8F683821938
:2094C0003C0D913000FF39FF10066F1FF87F913000FF39FF11066F0FF27F02A46D004C00D3
:2094E000913000FF39FF2C469608913000FFE9FF2C46913000FF39FF30469608913000FF7E
:20950000E9FF304602A46D00570102923C01009002486DFFF6FC913000FF39FF3506160F21
:209520004B0F41F14BF251F03C014B8F41F04B0F71F185F110003C0185F01000A2103FF0F4
:20954000FDFF0090DA018B0401000F0F10F0913000FF59FF24860090DA010F4F00F09130BA
:2095600000FF19F0208626F0760382123C0282023C0100904DC0E1FF16073C0153CF20F012
:2095800060FF9130003F30F3D93F004654FF2E1B8F2420F0960154F0370070088F00210052
:2095A000A60F74FF86248F2440F154F0370070088F002100A60F74FF3C0154FF1601DF1F85
:2095C000FE7F0090913000FF19FF30366F1F12008F2420F09601913000FF19F030363700E0
:2095E00070088F002100A60F913000FF59FF303686248F2440F1913000FF19F0303637001C
:2096000070088F002100A60F913000FF59FF30363C01913000FF19FF30361601DF1FFB7FE5
:2096200000904DC0E1FF16073C01913000FFD9FF004653CF20F010FF54FF2E1B8F2420F0D5
:20964000960154F0370070088F002100A60F74FF8F2420F0960254F0370070088F002100AA
:20966000A60F74FF3C0154FF1601DF1FFE7F084F96082CF454FF2E1B8F2420F0960154F051
:20968000370070088F002100A60F74FF86248F3440F154F0370070088F002100A60F74FFDA
:2096A0003C0154FF6F0FFF7F0090913000FF19FF30366F1F12008F2420F09601913000FF96
:2096C00019F03036370070088F002100A60F913000FF59FF30368F2420F09602913000FF6E
:2096E00019F03036370070088F002100A60F913000FF59FF30363C01913000FF19FF3036EE
:209700001601DF1FFB7F913000FF39FF34369608913000FFE9FF3436913000FF19FF30366A
:209720006F1F12008F2420F09601913000FF19F03036370070088F002100A60F913000FF2C
:2097400059FF303686248F3440F1913000FF19F03036370070088F002100A60F913000FFAA
:2097600059FF30363C01913000FF19FF30366F0FFC7F00904DC0E1FF16073C0153CF20F0AE
:2097800060FF9130003F30F3D93F004654FF370F6EF18FFF83213C013C010090913000FFF5
:2097A000D9FF303654FF370F6EF18FFF83213C013C0100904DC0E1FF16073C0153CF20F0BE
:2097C00060FF9130003F30F3D93F004654FF2E1B8F2420F0960154F0370070088F00210010
:2097E000A60F74FF86248F3440F154F0370070088F002100A60F74FF3C0154FF6F0FFF7F4C
:209800000090913000FF19FF30366F1F12008F2420F09601913000FF19F0303637007008A2
:209820008F002100A60F913000FF59FF303686248F3440F1913000FF19F0303637007008C9
:209840008F002100A60F913000FF59FF30363C01913000FF19FF30366F0FFC7F0090F647E4
:20986000094F40189601894F00183C08DF140780094F40189604894F00180090F647094F94
:209880007C089601894F3C083C08DF140780094F7C089610894F3C080090FF240B005384A0
:2098A00020F0910000F8D9FF847110FFD4F23C02A0023C01009082F282003C17538020F094
:2098C000910000F8D9FF847110FFD4FF7D4F0D80538020F0910000F8D9FF847110FF481F48
:2098E000370F48203C04C210BF20EAFF3C010090404C405F09C0380909C13C0914FFEE0CC2
:20990000083F37F00500082F37F00504081F37F1011182183C0F14FF5E1C083F37F005081F
:20992000082F37F0050C081F37F1011382183C02820889C13C0989C0380940C46DFFBDFFAE
:2099400009FFC8086E26081FEE099140002FD9225028538220F010223C099140002FD922B3
:209960005028538220F01022B04208A009FFC8081421370F68F037F108F0342F0C21370F1D
:2099800082F12C210C2396022C230C2196042C2108264CC4820102F009C32C0982020F2076
:2099A000A0400F31A0503C016DFF7AC83C0114FF534F20F010C28922300914F440C46DFF7C
:2099C00050FF14F440C46DFF5BFF08264CC4820102F009C32C0982020F20A0400F31A050EF
:2099E0003C016DFF5DC83C0114FF534F20F010C2481F42F28922300902823C010090025F94
:209A0000C234B7040200370050808BC801008B8000406D009219BC2640240B8F10486D0030
:209A200004003C010090C234B70402F0370F5000DA00894F1808DA01894F1908804F8BCF4D
:209A400001F0C27FB70F03F0744FDA00AC42DA00AC47DA00894F0A09894F0609DA00AC4948
:209A6000AC48894094088945960840423C01009082046D00B9256D0082006D0018006D0020
:209A80008D106DFFD3D26DFF93CA6D00F6218224BB00205C9B1500503BE000603BA0007028
:209AA0006D00CE3F6D007F2E00908234824582566D007A2F8214822582266D00752F009091
:209AC0003B008FFD7F4F0400024F3C033B008FFD3B0071027F0F0B003B008FFD7F4F0300B7
:209AE0003C033B008F4D024F3C033B0071F23B008F0D7F50040002503C033B008F0D3B0095
:209B000071127F100B003B008F0D7F5003003C033B008F5D02583C033B007182CEFD3B80CC
:209B2000004082056D00C6313BD00640325F02F56D0093373C0B3B80004082156D00BA31B9
:209B40003BD0064002F56D008837CE8D3B90004082156D00AF313B600640028532556D00EB
:209B60007C373C0B3B90004082056D00A3313B60064002856D00713700903B800040821579
:209B8000820682376D0053313B9000408215820682376D004C313B701E40821582068237E5
:209BA0006D0045313B6004408215821682376D003E313BD006403B80265482066D00A236CC
:209BC0003B6006403B80265482066D009B360090F445DA006C410C4896012C480C4896020E
:209BE0002C480C48B70F01F12C480C48B70F81F12C480C48B70F01F22C480C4896202C4872
:209C00000940C808DA0837F006F3AC440C49B70F01F22C49DA00894F0E09DA00894F120920
:209C2000DA00894F0A090C49B70F81F22C490C49B70F01F32C49094F5808B70F01F0894F91
:209C40001808094F5808B70F81F0894F1808094F5808B70F01F1894F1808094F5808B70F17
:209C600081F1894F18080090DA00344FDA00AC41DA00AC42DA00AC43DA002C48DA00AC451C
:209C8000A00FEC43DA006C4400908F841EF08F0F0801B70408FC3704E81BB71F812BDA7F2C
:209CA0007FF1048082020090DA967F1F048082023C068B6109F1325F0FF20020370248200B
:209CC000760432523702482000908F841EF08F0F0801B70408FC3704E81BB71F812BDA7FB5
:209CE0007FF1048082020090DA967F1F048082023C068B6109F1325F0FF2002037025020C3
:209D000076043252370250200090B70408FC3704E80BB71F811BDA7F3FF00580DA967F0FA2
:209D20000480820200908B6009F1325F0FF10010370168200090B70408FC3704E80BB71FF2
:209D4000814BDA7F7FF00480D2020090DA967FF0078082058B6009611DFFA2C682058BA00F
:209D600016601DFF9EC6B70408FC3704E80BB71F811BDA7F3FF00580DA967F0F048082027B
:209D800000908B6009F1325F0FF100103701702000908B0420F28B0500F5EE0A7B000800B4
:209DA0008203B700892B8F7301F0A6F2009082029B02F02FBBF0FF3F9BF3FF3F0F248000F0
:209DC0000F358010BA008B0100F4EE4C3B7001800B451068BB00FF1F9BF1FF1F8F04000130
:209DE0002651BA008B0100F4EE2182019BF1FF1F8F0400012651BA008B0100F4EE098F7536
:209E00001E107745804302153B0003803C0F8F351F107745804902153B4002803C078FF522
:209E20001F107745804F0215C2180F2480000F3580108B0020F28B0100F5EEF202490B6735
:209E400010A8D2148B881E606DFF2BC60F2A80000F3B8010BA008B0100F4EE2B3B000870DD
:209E60003C293B600930BB00000F9BF00F0026408F0500118B0020F28B0100F5EE073BA04C
:209E80000830774500568FC4004082009B00080082013C05C2F37745805006140B0430F171
:209EA0000B1500F20B15A0F2EEF602401DFF7BFF82078BF29F008BF3BF1026A026B1BA00D9
:209EC0008B0100F4EE038F0744718BF80760820402951D0067183BD03CF19B4FEDF34BF4E2
:209EE00001F02E031D00DB187B00F803BBA027F89BAF01F44BF401F02E2C3BB0FDF09B9F65
:209F0000FCF34B4051406D00CA186B02312F00906B0031F46B0021044B0F51406D00BF183B
:209F20003BB0FDF09B9FF4F36B0F2122009091100048D94494921D0002008208404F8209EC
:209F4000820A820BC81CC82D483C09FF1001DF1F238080CF160180D08F100001FE046E0407
:209F6000C2FC04DF24CF76CF8F3C00018FEC1FF06E0902F140D2C2F16014442164C1FC4E3B
:209F800090DD020CDF0CE07FC2FC60C204DF24CFFC2E3CD9DE2580CF2E03C2FC24C9DF0CEE
:209FA000D37F8F3C00F106EC76C5C2FC60C264CAFC2F6EC9C2FF60F224CBFC2F3CC48F0F2B
:209FC0001F00DF002E008F3F0001DF102B8080CF8F3F00D180DF1603FEDB76DB02D440C482
:209FE00040D56D00100701CD00C601DD00D6A2DC76CF8F3C00018FEC1FF06E0902F140D2EB
:20A00000C2F16014442164C1FC4E90DD020CDF0C9B7F02C440C440D56D00F5063C9400901E
:20A020001603DF2F91FF80CF16036E0702F440C46D00D20610CCA2FCDF0C867F8F3C0041D7
:20A0400006EC76C5C2FC60C264C8FC2FDF047C7F40C46D00C1061DFF77FF0090205089A4C7
:20A06000380989A62C0989A73409DA01A00F820909AA1019780C89A9081989A9280902A001
:20A0800089A90019B70089FBF80678113700E8FB78080258404C029D405D8BFF0FC27B0021
:20A0A000F8B376C658116E04029C09AD30095808BA0F7813F68A3B700600580B3E043B701C
:20A0C00004007E0382183C23580D6F5F21803B100600580B3E043B100400FE095811EE0388
:20A0E00082083C1582788F3F000082013C06C2F88FC31F107723000E0B011028FBF00000E6
:20A1000026202631BA008B0100F4EEF2DA00780F02A46D0035087625DA2D780F67AABFAF2F
:20A12000EE0E580D8F8F0101DA087E03DA2B3C068B000102580FAB0FA2F0780F09A000196A
:20A14000AA1089A00019DF0D1600580B910000F8D9FFFB2110FF081F2E37910000F8D9FF25
:20A16000D621F8063C1B910000F8D9FFDA21F8063C15DF0C1D00580B910000F8D9FFFB2100
:20A1800010FF081F2E36910000F8D9FFDE213C05910000F8D9FFE221F8065810BB90FF0F61
:20A1A0009239580D260F780D1D008C013B100600580B3E053B1004005F0F27805808AB1F86
:20A1C00018FF780858109230F683580D2E22C210428058083BC0F91FC2207FF106003B40B6
:20A1E00006103F1F0400DA033C0A3B60FF1F7FF106003BA000103F1F0400DA02780C580C84
:20A2000012091D005F01580849AF0A0A6E7549A4140A02A46D00711609AC1409022A370C71
:20A22000E8FB82006E55BBF028EC49AE130A7B0012D49B5ECFE33C3F49A20A0A7D2E0C8066
:20A2400049AF120A49AE130AA07209F03FF489E03FF4FC2CBBD0CC0C58059BC0DC0349A4ED
:20A26000140A4B0F41406D00481689A20609DF0914806B0E21F24BDB41B04BDF41406DFFAA
:20A2800006FD762A4BBC514049A4140A82196D00341689A2060909AF06096B0E21FF4BDF62
:20A2A00041406DFFF4FC8B0203F089EF3FF4580AC21F780A5805370FE8FBEEBF3C0304EF6C
:20A2C00024FF49A2130A012E20F4EEFA3C154B0A01F06F2F12007B0012043C064B0A41A0D8
:20A2E000580AC2FF780A4B0A41F089AF06094BBF01F06F0FF5FF3B600610580B028082095E
:20A300003E143B6004107E13580A12803B500610580B3E143B5004107E12C210CE03DA00B5
:20A320003C038B7000F310A2492E0A0A3C117B0012F449A4060A4BFA41406D00DE15022A96
:20A3400009A406096DFFA3FC8B0203F024FF01FE20F4EE0649A2130A012F20F4EEE909EF71
:20A36000000840EFC25F3C0A49AF0A0A01EF30F4EE0740EF09EF3FF4C21F34EF3C08DA317D
:20A3800034EF49EF010A580AC21F780A09E00008DA393F0FEB7F89F93FF049A20A0A012FF6
:20A3A00020F4EE0609F00008DA305F0FF67F3B500600580BBE013B5004003E0E3B60060078
:20A3C0005F0F3C003B6004005F0F3800580A3FF80400FFDF330058103B50062049AF0A0ABB
:20A3E0009210580B09A10A083E243B5004207E2C761349AF0B0A14FFEE04580DAE22768219
:20A40000C21042803C17028276158BF81F2049AF0B0A14FFEE03580D2E22C21082013C0825
:20A4200014FFEE03580D2E23C210B01FC2113F21F97F8B4000903C453B600600580B3E04F4
:20A440003B6004007E0F09A02809FA10AB10A09F581042F9F684580D6F2F34001A89921950
:20A460003C300280580A49AF0A0A4EF4581092193C0D09A1280958101219021F14F17612C6
:20A48000B01FABF01F00C2FFEEFA14FF6E02F604580D6F2F1700580AC219325F3C04C2FF24
:20A4A000C219C2F07607FF1FFC7F3C04C219B01FC2F0760314FFEEFB580D16042B09009F96
:20A4C000580F6E0D580D16036E0A61FFA6C309A43C0940C46D005304DA00780FD806BD0F16
:20A4E0001A803B100600580B3E043B100400FE02580D16036E0F54DFC22F61FF7BC36D0053
:20A500003E04580B40C48B7F01406D003804DA017812580D6F0F1680580EA29F3C0F61FF6E
:20A520007CC3580D40C416028B0F20F2864F8B0F02406D002404580EC2FF780EFF1FF17F2E
:20A54000580F6E0861FF69C309A43C0940C46D001604D806BCFA40F440C56D001F0454DF85
:20A56000C23F74DF1D008A013B100600580B3E053B1004005F0F9F808F28200058138B70CF
:20A5800001018B1F03A1BF1022008201DA177FF00800821258110F021020262F6E028211F9
:20A5A00082F2C2F00F0200F0C6F2F6145811262F6E045811A62F78115811C21F7811EF7F7A
:20A5C0000600DA0078113B2003A05812EE0D54DFC22F61FF0FC36D00D203580B40C48B7FA6
:20A5E00001406D00CC0361FF18C302A440C46D00C603F683580D2E2561FF09C36D00BF0337
:20A6000058113B8001B054D08F1F00A0428074D03C183B000340DF0B1100C2CB02B032505F
:20A620000F0A00F0160F8B0F0340DA397F4F0600580B8B6F1CF042F440C46D00A003C2F8BB
:20A64000FF18E97F580B40C48BFF00406D0097035808CEF63BD00240325F78083C033BB097
:20A66000024040C46D008B03580C54D0C22F42F0580C820110AF34F13BA00010580CC2FF13
:20A68000370F68F0780C10AF58084B1F01228B0303F034FF09A220094B12012289A2600950
:20A6A000DF02EEFF74D040A440C56D0077031D00E5003B50060049AF0A0ABE013B500400CB
:20A6C0003E0E3B6006005F0F78003B6004005F0F7400580A3FF80400FFDF6F0009A00A0881
:20A6E000580AAB1F20A076093B700610580B3E143B7004107E12C2F861FF8FC2760637000C
:20A70000684049AF0B0A3C033B00034040C46D00360314FFEE0B580DAE29768C3B50060042
:20A72000580B3E043B5004007E0561FF70C26D002603820B3C1A09F00008F60A580DAE281B
:20A740003B500610580B3E143B5004107E1D61FF64C2760537006840B01F3C033B000340FD
:20A7600040C46D000C03C21B3F8BE77F61FF55C2580B40C48FDF0F416D000103C2FA54DF50
:20A78000C21F0EA43BB002403C04325A3BD0024074DF40C46D00F30261FF31C28B00034006
:20A7A00040C46D00EC0261FF2AC28B01034040C46D00E5023C6209AA28094EA854DFC21F3B
:20A7C00061FF18C26D00DB023C1954D0C21074D014F47643B01F3C033B00034040C46D00A8
:20A7E000CE023B600600580B3E063B6004003E03ABF81F88C2FAFF1AEA7F3B600600580BD5
:20A800003E063B6004003E0314FF6E02F684580D6F2F340061FF01C2580A3BE00240325F6D
:20A820003C0854D03B000340C21074D0C2FFC2F840C46D00A402768BFF1FF57F3C0861FF53
:20A84000ECC104F440C46D009A02C2F8768314FFEEF73B600600580B3E0E3B6004003E0B63
:20A86000580D2E2B3C0854DFC21F61FFC3C16D008602C2F8DF08F9FF580EA29F3C0A54D03F
:20A880003B00024040C4C21074D06D007802C2FFFF1FF77F00902010404C405D89A68C0938
:20A8A000DA00780209D40008DF045002DA257E4409D001047E08B01D49A5080A40C46D00C7
:20A8C00054023CF1820A0BAA108809DF01003BD002007E048F1A40A13CF93BB002007E0773
:20A8E000BBF0FE0F26A08F8040A13CF03B0002007E066F3AECFF8F0A41A13CE83B0003008C
:20A900007E048F2A40A13CE23B3002007E048F4A40A13CDC3BA00200FE03D803B04FF80389
:20A9200009F83CF9CE848F1A40A1325809DF01003C0D13A820FF8B0F1D8009DF01008B0FB5
:20A940001D0037006800BFA0F6FF3BE002005F0F23808F0A42A109DF01003BA00200FE0574
:20A96000D803B04FF80309F93CF9CE968F1A40F1BBF0FDAF26FA09DF01003C0D13A920FF09
:20A980008B0F1D9009DF01008B0F1D0037006800BFA0F6FF3BC006007E048F0A48A13C1E7E
:20A9A0003B8006007E048F0A44A13C183BC004007E048F0A50A13C123BA006007E04B71AF5
:20A9C00081A43C0C3BA007007E04B71A01A53C063B400700FE01B71A81A53BC006003E0432
:20A9E0003B8006007E0709D000087E04B71A01A6B01D09DF01003B3006005F0F2F808F1A49
:20AA000000F1EE0E3C093B00024049A5080A40C46D00AB01C2F87F890400FF28F67FD8032D
:20AA200040C449A5080AB04FF80309F03CF9370048406D009A01DF0F377F3C093B000240BD
:20AA400049A5080A40C46D009001C2F87F892C7FFF28F67F1DFF28FF3B400600BE013B909D
:20AA600006003E0E3BF006003E0B3B8007003E083B8005003E053B5007005F0F59808202A2
:20AA80003B4006003E043B9006007E0282123B0008010F0A80105F0104006F9A05003B80F4
:20AAA00000003C0282403B8000105F100980D80349FF080AF80309F078F93C15D803B04F0E
:20AAC000F80309F03CF90B0000080B0110483B0004010F0A80105F010D80762837044800DF
:20AAE0000B0000080B0110483C13370468403C0F3B0004005F010B807626370450000B0006
:20AB000000483C06370470403C02F62282056F5A0600BBD0FF0F260A3C0282190BFA1068F5
:20AB200089A440090B8910481D00CB003B300700FE066F5A0680BBF0FF9F9BF9FF97D803B8
:20AB40000BA8104840C5029649A6080AB04FF80309F4BCF96D00CC021DFFA6FE3B60060004
:20AB6000BE063B600400BE033B500600BE003B5004003E0D3B7006003E0A3B7004003E079B
:20AB80003B1006003E043B1004007E0DD8038F0A0211AB698091B04FF80302F609F03CF97C
:20ABA00074A03C2C3B200700FE086F6A0800D803B04FF80309F03CFA3C06D803B04FF803B5
:20ABC00009F03CF98F0A02F1EA69DA004BF051F174AF3B6006603C123B200500FE09D8035D
:20ABE0008F0A02F1EA6949FF080AF80309F478F96DFF38BF3B60066074A20B89104849A55F
:20AC0000080A02A740C46DFF2BFA1DFF4DFE3B0007005F0F5D806F8A45006F0A0E80DA11C0
:20AC20003C093B00024049A5080A40C46D009D00C2F83F8FF8FFD803A03E49FF080A09FFAA
:20AC40003FF449A5080A370F684040C46D002101FCE73BA0034049A5080A40C46D00850049
:20AC6000D803A03E49FF040A09FF3FF449A5080A370F684040C46D000C01FCE7DA113C090B
:20AC80003B00024049A5080A40C46D006E00C2F83F8FF8FFD80349FF080AF8031DFF04FE8B
:20ACA000D8033B8000400245B04FF8038F2A407109F03CF9820189A040093B80076049A5E0
:20ACC000080A40C46D0000011DFFEEFD3BE006005F0F37803B0008010F0A80F03E036F9A8C
:20ACE0000E00D803B04FF80309FFBCF909A00809820189F040091DFFD7FD3B000401260A55
:20AD0000DA407EAAD803B04FF80309FFBCF95802B4FF1DFFC9FD5F0A0B80D803B04FF803A7
:20AD200009FFBCF9580234FF1DFFBEFDD803B04FF80309FFBCF9580274FF1DFFB5FD910034
:20AD400000F6DA1959FF9C1009A208090090910000F6DA1759FF9C103B0004406D000C0046
:20AD60007B00FC27009037046840545FC21F745F1D000500BA0492F20090D44FBCF440F460
:20AD80001D000711CC414C4280F07FF0068034F4CC41B01FEC410090404F405C3C06370F0A
:20ADA000684040C46DFFEBFF09FF0100EEF900903704E82BB704894B8BF20F228B040024D3
:20ADC00000903704E82BB704894B8BF20F228B04202400903BF00F00804F1603063F0FF08F
:20ADE000100082FFC6F0C2F4604F804FB70F02F060F2B014542F260F742F77000004FCF642
:20AE00000090804F16033BF00F008F3F00100F10100082F1C610C2F4604F8041B70102202A
:20AE2000095101008F3F0030B0140F3110106022C21F542216032602A612742277000004B2
:20AE4000FDF0ED7F0090404F0B4510A849FD160A026840FCDA0034DF820702860BAB10485A
:20AE60006DFF44BE23820A0A0B2310A88BA060F2CA708B0003F089DF3FF48B0220F28B03C8
:20AE800000F5EEEB04DF24FFEEFE40C200900248404F8FC83F40405CDA090B4F2001DA37A6
:20AEA000AB0F83F042F46DFF60FF8FF8000140F4DA0940C50B0F2011DA37AB0F83414204A0
:20AEC0001DFF53FF026E2020DA58404F0B4510A8405C027909AC600982085FEF7300DA64CD
:20AEE0003EEDDA693EEBDA6F5FEF6C00DA75BEE4DA785FEF67001D00ED00D2000B0C50F18C
:20AF00000B1D00F20BD190F2EE073BD002800BC0C0C00BD1D0D00BCD104840A43BA0006021
:20AF20006DFF93FFF6B6BA0C8B0D00F4DF0FDF8040A46D008A10370268C0DF081180DA75B5
:20AF40003EE88F890101DA087E043BB002803C078F8901F18B0F01F2AB08A28F768CABFA7B
:20AF60001FAA8F3900F16E0740F4028440C56DFFFCFE82086F0914808F2900F18B0F20F2CA
:20AF8000864F8B0F02F03C0740F402F440C56DFFECFEC2FA7FAB04003FACF87F768E40F404
:20AFA000028440C56DFFE1FE3C08C2FB61FF1DBE6DFFDBFEABFA1FAA3FBCF97F1D008A00B2
:20AFC0008BFE268240A48F3820F08B8F00600BCD10486DFF3AFFDA78FEE314AF40A26E10E0
:20AFE000092000088BF01BF0370F6810DA193F1F05808B0002F0342F092F0104EEF240A425
:20B000006D002310370268F078068B0C20F28B0D00F5EE0AF6B6DF086A806F296800821B39
:20B02000BBB0FFFF26F96F291B006F191300768E61FFDBBD6DFF99FEABFA1FAA40F402E4B3
:20B0400040C56DFF92FEABFA1FAABBB0FFFF26F9DA6F7EE558063FBF0300921B6F290900A0
:20B0600076875806C22BC22F370F68F078066F0915808F2900F18B0F20F2864F8B0F02C0E8
:20B080003C0740F402C440C56DFF6FFEC2FA7FAB050058063FAFF77F6F291900DF08170039
:20B0A00061FFA3BD6DFF61FEABFA1FAA40F402E440C56DFF5AFEABFA1FAA3C08C2FB61FFE5
:20B0C00094BD6DFF52FEABFA1FAA58063FBFF87FBBF0F74F40A4BBF0FF6F40F5269440C63F
:20B0E00002A59BF6FF671D00030000900248404F025F405C0269406D6D00A70F022A6F084E
:20B1000019803C083B00024040C440D56DFF2DFEC2FF3FFAF97F3FF9F77F3C0BC2F909F406
:20B120000100DF04110040C440D56DFF1EFE8AFFDF09F6FF3C083B00024040C4C2FF40D578
:20B140006DFF13FEEEF90090910000F6D9FF6410D4F291200056D955408A012400460154A3
:20B1600020F4EE0891200056D955C08A014530F4EE0482FF60F20090F4F400908F141E202E
:20B18000009002483708E8FB8209EE03028200904B9801F02E046788BF8F82197B00F8F3DF
:20B1A0006B88714F6D00230F3B3033F39B3FF3F34BF801F0AE264B2851406D0096003C0B96
:20B1C0003BB0FDF09B9FFCF34B8251406D008D006B02312F76936722BF2F00900B45108851
:20B1E0006DFFF1FDF62502946DFFEDFD76246B092128009002846DFFDDFDDF021B007B00C4
:20B20000F8F74BF901F02E163BB0FD409B94F4433C4D7B00F8FF4BF901F01602BB40BE4CEB
:20B220009B6401443BB0FD009B90FC036A043C3E3709E8FB8200BA0F6E193708E8FBEE09C2
:20B240008F191EF03BB0FD209B9204246A8200904B0801F016043BB0FD209B92FC233BB0C2
:20B26000FD009B90FC0B6A0200904B0901F06F0F2C003708E8FB6E164B0801F02E2E3BB083
:20B28000FDF09B9F04F46788BF0F4B9051406DFF24F66B02312F00907B00F8FF4BF901F0DC
:20B2A0002E183BB0FD409B94044402851D002A004B9851406DFF11F63BB0FDF09B9F04FCE2
:20B2C0006B0F212200904B0801F02E254B9851401DFF03F66788BFFF4B9F51406DFFFDF57B
:20B2E0006722BF2F0090DA004BF401F02E231DFFF4F56744BF4F6DFFF0F56722BF2F0090D6
:20B30000B704812F8F151EF08FFF01F0A6F2009020186D00DD0E6D00930F6DFFABF33BC0C5
:20B3200006403B80265482066D00EC2A82043B0071526D00E52582143B803E506D00E0253B
:20B34000910000F7D9FF0000DA0034FF910000F7D9FF0400DA0134FF6D00C60E1D0024018B
:20B36000910000F6D9FF38F014FFDE13910000F7D9FF040014FF5E1D910000F7D9FF0000F0
:20B38000DA0134FF910000F7D9FF0400DA0034FF6D009605910000F7D9FF08009100002706
:20B3A000D9220800142FC21F34FF910000F7D9FF080014FFBFBF8D80910000F7D9FF0800C5
:20B3C000DA0034FF910000F6D9FF608014FFDF5F8000910000F6D9FF0C00881F74AF91008A
:20B3E00000F6D9FF1000881F7801821491000048D944F4816D00AF21910000F6D9FF5C1046
:20B4000054FF74AF910000F6D9FF344054FF7801822491000048D944EF716D009C21910060
:20B4200000F6D9FF203009FF12094B0F31F174AF823491000048D944FC616D008C21910078
:20B4400000F6D9FF183054FF4B0F31F174AF910000F6D9FF704094FF78018244910000482A
:20B46000D944C4816D007721910000F6D9FF507614FF74AF910000F6D9FF784014FF780167
:20B48000825491000048D944D1716D006421910000F6D9FF005014FF74AF910000F6D9FF68
:20B4A0003C4014FF7801826491000048D944E0716D005121910000F6D9FF304014FF74AF73
:20B4C000827491000048D944C3716D004421910000F7D9FF000014FFDF1F6680910000F69C
:20B4E000D9FF183054FF4B0F3101910000F6D9FF0C00881F74AF910000F6D9FF1000881F02
:20B500007801910000F6D9FF704094FF780289A00C09910000F6D9FF203009FF12094B0F2C
:20B5200031F17804910000F6D9FF304014FF780591000048D944DB816D00180D910000F7A2
:20B54000D9FF180091000027D9221800092FC008C21FB4FF910000F7D9FF180009FFC00854
:20B560003B0032003FF01180910000F7D9FF0C0014FF5E196DFFE0C2910000F7D9FF0C002E
:20B58000DA0034FF3C103BC0064082056D00652A820482056DFF96F2910000F7D9FF00002D
:20B5A000DA0034FF1DFFDEFE00906D00C90D82046D0033136D00980D3C13910000F6D9FFBA
:20B5C00054D014FF6E0D910000F6D9FF54D0DA0034FF910000F7D9FF1000DA0134FF3CEE81
:20B5E0000090BD043100B0C4404C54CF910000D6B70F0180D9DDB410D4DF74C801C800E6E0
:20B6000054EF6E04AE0342F83CF954F001F000267DC20580420874F840FCEE1082046DFF54
:20B6200095FDB04E7DE20A80325802846DFF8EFD802F1EF3DA0074CFD4DF80CF80F00B0F21
:20B6400090F174DF009082083C20536820F0910000F6D9FF64B310FF94FF532F20F0370FE5
:20B660007040536820F0910000F6D9FF64B310FF881F532F20F0370F70503BF001606D0092
:20B680005417C21837087080910000F6D9FF7C4009FFC0083FF8DBFF82083C20536820F089
:20B6A000910000F6D9FFD89410FF94FF532F20F0370F7040536820F0910000F6D9FFD894FF
:20B6C00010FF881F532F20F0370F70503BF001606D002B17C21837087080910000F6D9FF79
:20B6E000405009FFC0083FF8DBFF009082083C20534820F0910000F6D9FFBC1010FF94FFEB
:20B70000532F20F0370F7040534820F0910000F6D9FFBC1010FF881F532F20F0370F70507D
:20B72000BB00806F6D000117C21837086880910000F6D9FFB81009FFC0083FF8DBFF009041
:20B740002010DABCB4AFDA78ACA2DA002CA882043B60095091000046D94494B03BE0056040
:20B760003BC003706D00A91BDABCB4AFDA78ACA2DA002CA88204820591000046D9441C3294
:20B780003BE005603BC003706D00971B6DFF5DFF6DFFAEFF3B800C408215910000F6D9FFBE
:20B7A000704094F682376D00441C3B800C403B200350910000F6D9FF744094F682376D0051
:20B7C000381C3B800C403B400650910000F6D9FF487609F6C00882376D00E21C3B800C402E
:20B7E0003B600950910000F6D9FFD49409F6C00882376D00D51C3B800C403BA00A509100E3
:20B8000000F6D9FF4C7614FF8F1F006182376D00C71C3BE00B403BE00B50910000F6D9FF32
:20B820004C7614FF370F616182376D00B91C3B200D403BE00B50910000F6D9FF4C7614FFDE
:20B84000370FE16182376D00AB1C3B800C403B200D50910000F6D9FF4C7614FF370FE160F9
:20B8600082376D009D1C3B800C403BA00F50910000F6D9FF585014F682376D00911C3B2069
:20B880000D403BA00F50910000F6D9FF505014F682376D00851C3B800C403BE0105091003E
:20B8A00000F6D9FF545014F682376D00791C3B200D403BE01050910000F6D9FF445014F631
:20B8C00082376D006D1C3B800C403B201250910000F6D9FF4C5014F682376D00611C3B20F2
:20B8E0000D403B201250910000F6D9FF485014F682376D00551C00900D00000282046D0014
:20B900008C1182046DFFE5CE8270DA010F0F00F0892F28296D00BB01910000F7D9FF140064
:20B92000910000C7D9CC140009CFC008C21FB4FF0D004002008020080D00000282046D00C9
:20B940006C1182046DFFC5CEDA0982100FF00000892028296DFF3DC4910000F6D9FF4CE07F
:20B96000485F74AF910000F6D9FF4CE0488F7801910000F6D9FF40F04824910000F6D9FFC8
:20B9800040F04855910000F6D9FF40F04886910000F6D9FF4CE048276DFF76C5910000F754
:20B9A000D9FF000014FF5E136DFF6DBD0D00400200800D00000282046D002F1182146DFF82
:20B9C00088CE8278DA010F8F00F0892F28290D00400200800D00000282046D001E1182140F
:20B9E0006DFF77CEDA0982180FF80080892828290D00400200800D00000282046D000D11A1
:20BA0000910000F6D9FF58D0D4FF2D0F00000D00400200800D00000282046D00FE1082042B
:20BA20006DFF9CED762482046DFF8EED82446DFF95ED762482446DFF87ED0D004002008047
:20BA40000D00000282046D00E81082146DFF86ED762B82146DFF78ED910000F6D9FF64D0DC
:20BA6000D4FF2D0F000082546DFF78ED762482546DFF6AED0D00400200800D000002820479
:20BA80006D00CB1082346DFF69ED762B82346DFF5BED910000F6D9FF60D0D4FF2D0F00003D
:20BAA00082746DFF5BED762482746DFF4DED0D00400200800D00000282046D00AE10910086
:20BAC0000046D944B4266DFF92CD0D00400200800D00000282046D00A0106D00DA0B0D007E
:20BAE000400200800D00000282046D0096100D00400200800D00000282046D008E109100DC
:20BB00000046D944A0466DFF72CD0D00400200800D00000282046D008010910000F6D9FF71
:20BB20005CD0D4FF2D0F00000D00400200800D00000282046D00711091000046D9448C6692
:20BB40006DFF55CD0D00400200800D00000282046D006310910000F6D9FF68D0D4FF2D0F6D
:20BB600000000D00400200800D00000282046D00541091000046D944B8766DFF38CD0D00F0
:20BB8000400200800D00000282046D0046106D0048100D0040020080DA003C3E532F200001
:20BBA000910000F8D9FFCE2101F000F694F48205821682176D003B21532F2000910000F81A
:20BBC000D9FFC42101F000F694F48205821682176D002D21910000F6D9FF5C7610FF820004
:20BBE00034F0910000F6D9FF547610FF91000026D9225476142034F0910000F6D9FF5876E8
:20BC000010FF820034F0910000F6D9FF607610FF820034F0C21FBF4FC37F0090F6499100F4
:20BC200000F8D9FFCE2194F46D00F1203C21DF140A80910000F8D9FFCE2188146D00E72005
:20BC40003C17DF240A80910000F8D9FFCE2188246D00DD203C0DDF340A80910000F8D9FF57
:20BC6000CE2188346D00D3203C0382123C010090DA003C09910000F6D9FF547610FF820040
:20BC800034F0C21FBF4FF8FF0090DA001D00AB00910000F6D9FF5C7610FF14F082015F0141
:20BCA0000A0082115F01220082215F018E001D00980002F46DFFB4FFDF021780910000F60B
:20BCC000D9FF5C7610FF821034F0910000F6D9FF587610FF820034F0910000F6D9FF6076DE
:20BCE00010FF820034F03C7D02F46DFF99FFDF024080910000F6D9FF587610FF14F0F608FD
:20BD0000910000F6D9FF587610FF821034F0910000F6D9FF607610FF91000026D922607665
:20BD200010221420C21034F0910000F6D9FF607610FF14F0910000F6D9FF5C5054F17F018F
:20BD40001780910000F6D9FF547610FF822034F0910000F6D9FF587610FF820034F09100DB
:20BD600000F6D9FF5C7610FF822034F03C2C910000F6D9FF587610FF14F0DF101E80910088
:20BD800000F6D9FF607610FF14F0910000F6D9FF605054F17F011180910000F6D9FF54765E
:20BDA00010FF821034F0910000F6D9FF5C7610FF822034F03C08910000F6D9FF5C7610FF34
:20BDC000820034F03C0E02F46DFF2AFF7628910000F6D9FF5C7610FF820034F03C023C01E9
:20BDE000C21FBF4F577F009082083C123BE00140534821F0370F705053C820F0910000F656
:20BE0000D9FF648010FFD4F46D007419C218BF68EF7F91000046D944608082646D001300EC
:20BE2000910000F6D9FF5476082F5E1B6D000312910000F6D9FF6C90DA0134FF6DFF1AFFB9
:20BE40000090404C0248820414C05340215091000048D944FAD16D004D19910000F6D9FF2B
:20BE60005476081FDE13820414C05340215091000048D944FED16D003D1914C0C2104B8089
:20BE8000010234C16DFFF6FE3C19910000F6D9FF547614FFDE13820414C0534021509100D9
:20BEA0000048D944FED16D00251914C04280C2F04B80010234C16DFFDDFE00902008BB00DE
:20BEC00080FFB4AF82043B9007503BF00E603B9007706D006F12910000F6D9FF6C9014FFA1
:20BEE00082003E0682103E0782203E083C0A6DFF7DFF3C0E6D000E003C0B6D00541C3C0862
:20BF0000910000F6D9FF6C90DA0034FF3C0100902008910000F6D9FF608014F0DA00BE02E7
:20BF2000DA015F0F4201DA025F0F9502DA035F0FE803DA045F0F3B05DA055F0F4B061D0017
:20BF4000600682083C1C53C820F0910000F6D9FF70A010FFC82F54FF74AF3BE0014053488C
:20BF600021F0370F705053C820F0910000F6D9FF70A010FFD4F46D00031CC218BF58E57F58
:20BF8000910000F6D9FF645014FFDF1F0C818204910000F6D9FF6CA014FF534F2150910048
:20BFA0000048D944FED16D00A5183B800C40910000F6D9FF6CA014FF534F215091000048B2
:20BFC000D944C2E16D009618910000F6D9FF5476081FDF1F5680910000F6D9FF6CA014FFE4
:20BFE0006E08910000F6D9FF6CA014FFDF1F2380910000F6D9FF6CA014FF53CF20F091006B
:20C0000000F6D9FF70A010FFC822910000F6D9FF6CA014FF53CF20F0910000F6D9FF70A02A
:20C0200010FFC82F54FF7B00F8036B0031FF742F3C23910000F6D9FF6CA014FF53CF20F0E4
:20C04000910000F6D9FF70A010FFC822910000F6D9FF6CA014FF53CF20F0910000F6D9FF69
:20C0600070A010FFC82F54FFBBA0700D9B30CA036B0031FF742F6DFFFDFD1D009400910001
:20C0800000F6D9FF547614FFDF1F5580910000F6D9FF6CA014FF6E08910000F6D9FF6CA0C3
:20C0A00014FFDF1F2380910000F6D9FF6CA014FF53CF20F0910000F6D9FF70A010FFC822B4
:20C0C000910000F6D9FF6CA014FF53CF20F0910000F6D9FF70A010FFC82F54FF7B00F80372
:20C0E0006B0021FF742F3C23910000F6D9FF6CA014FF53CF20F0910000F6D9FF70A010FF85
:20C10000C822910000F6D9FF6CA014FF53CF20F0910000F6D9FF70A010FFC82F54FFBBA062
:20C12000700D9B30CA036B0021FF742F6DFFA2FD3C39910000F6D9FF5476082FDE106D0081
:20C140007A106DFF56BF6DFF33B7910000F6D9FF6450DA0034FF6DFF8DFD3C24910000F681
:20C16000D9FF5476083FDE1E6D006510910000F6D9FF6CA014FF53CF20F0910000F6D9FFE9
:20C1800070A010FFC82F91000026D9226850542F74FF910000F6D9FF6450DA0034FF6DFF9D
:20C1A00069FD1D002F0582083C1C53C820F0910000F6D9FF647010FFC82F54FF74AF3BE0F1
:20C1C0000140534821F0370F705053C820F0910000F6D9FF647010FFD4F46D00D11AC21805
:20C1E000BF58E57F910000F6D9FF645014FFDF1F30818204910000F6D9FF6CA014FF534F49
:20C20000215091000048D944FED16D0073173B800C40910000F6D9FF6CA014FF534F215059
:20C2200091000048D944C2E16D006417910000F6D9FF5476081FDF1F6880910000F6D9FFE8
:20C240006CA014FFEE1A910000F6D9FF6470DA0053CF20F010FFC822910000F6D9FF64704C
:20C26000DA0053CF20F010FFC82F54FF7B000A046B0031FF742F3C44910000F6D9FF6CA0A7
:20C2800014FFDE4C910000F6D9FF6470DA0453CF20F010FFC822910000F6D9FF6470DA0414
:20C2A00053CF20F010FFC82F54FFBBD0CC0C9BC0DC036B0031FF742F3C23910000F6D9FF5A
:20C2C0006CA014FF53CF20F0910000F6D9FF647010FFC822910000F6D9FF6CA014FF53CF41
:20C2E00020F0910000F6D9FF647010FFC82F54FFBBD0CC0C9BC0DC036B0031FF742F6DFF5B
:20C30000B9FC1D00A600910000F6D9FF547614FFDF1F6780910000F6D9FF6CA014FFEE1AFE
:20C32000910000F6D9FF6470DA0053CF20F010FFC822910000F6D9FF6470DA0053CF20F086
:20C3400010FFC82F54FF7B000A046B0021FF742F3C44910000F6D9FF6CA014FFDE4C910014
:20C3600000F6D9FF6470DA0453CF20F010FFC822910000F6D9FF6470DA0453CF20F010FFC0
:20C38000C82F54FFBBD0CC0C9BC0DC036B0021FF742F3C23910000F6D9FF6CA014FF53CF89
:20C3A00020F0910000F6D9FF647010FFC822910000F6D9FF6CA014FF53CF20F0910000F60A
:20C3C000D9FF647010FFC82F54FFBBD0CC0C9BC0DC036B0021FF742F6DFF4CFC3C399100D3
:20C3E00000F6D9FF5476082FDE106D00240F6DFF00BE6DFFDDB5910000F6D9FF6450DA00CB
:20C4000034FF6DFF37FC3C24910000F6D9FF5476083FDE1E6D000F0F910000F6D9FF6CA088
:20C4200014FF53CF20F0910000F6D9FF647010FFC82F91000026D9226850542F74FF91008D
:20C4400000F6D9FF6450DA0034FF6DFF13FC1D00D90382083C1C53C820F0910000F6D9FF6D
:20C460006C5010FFC82F54FF74AF3BE00140534821F0370F705053C820F0910000F6D9FFEC
:20C480006C5010FFD4F46D007B19C218BF58E57F910000F6D9FF645014FFDF1F3081820458
:20C4A000910000F6D9FF6CA014FF534F215091000048D944FED16D001D163B800C409100EE
:20C4C00000F6D9FF6CA014FF534F215091000048D944C2E16D000E16910000F6D9FF547609
:20C4E000081FDF1F6880910000F6D9FF6CA014FFEE1A910000F6D9FF6C50DA0053CF20F082
:20C5000010FFC822910000F6D9FF6C50DA0053CF20F010FFC82F54FF7B000A046B0031FF7E
:20C52000742F3C44910000F6D9FF6CA014FFDE4C910000F6D9FF6C50DA0453CF20F010FFF6
:20C54000C822910000F6D9FF6C50DA0453CF20F010FFC82F54FFBBD0CC0C9BC0DC036B0065
:20C5600031FF742F3C23910000F6D9FF6CA014FF53CF20F0910000F6D9FF6C5010FFC822C5
:20C58000910000F6D9FF6CA014FF53CF20F0910000F6D9FF6C5010FFC82F54FFBBD0CC0C14
:20C5A0009BC0DC036B0031FF742F6DFF63FB1D00A600910000F6D9FF547614FFDF1F678055
:20C5C000910000F6D9FF6CA014FFEE1A910000F6D9FF6C50DA0053CF20F010FFC822910024
:20C5E00000F6D9FF6C50DA0053CF20F010FFC82F54FF7B000A046B0021FF742F3C44910084
:20C6000000F6D9FF6CA014FFDE4C910000F6D9FF6C50DA0453CF20F010FFC822910000F658
:20C62000D9FF6C50DA0453CF20F010FFC82F54FFBBD0CC0C9BC0DC036B0021FF742F3C23D3
:20C64000910000F6D9FF6CA014FF53CF20F0910000F6D9FF6C5010FFC822910000F6D9FFB7
:20C660006CA014FF53CF20F0910000F6D9FF6C5010FFC82F54FFBBD0CC0C9BC0DC036B00ED
:20C6800021FF742F6DFFF6FA3C39910000F6D9FF5476082FDE106D00CE0D6DFFAABC6DFF32
:20C6A00087B4910000F6D9FF6450DA0034FF6DFFE1FA3C24910000F6D9FF5476083FDE1E0C
:20C6C0006D00B90D910000F6D9FF6CA014FF53CF20F0910000F6D9FF6C5010FFC82F9100C5
:20C6E0000026D9226850542F74FF910000F6D9FF6450DA0034FF6DFFBDFA1D0083028208FC
:20C700003C1C53C820F0910000F6D9FF686010FFC82F54FF74AF3BE00140534821F0370FA5
:20C72000705053C820F0910000F6D9FF686010FFD4F46D002518C218BF58E57F910000F68A
:20C74000D9FF645014FFDF1F30818204910000F6D9FF6CA014FF534F215091000048D9447E
:20C76000FED16D00C7143B800C40910000F6D9FF6CA014FF534F215091000048D944C2E171
:20C780006D00B814910000F6D9FF5476081FDF1F6880910000F6D9FF6CA014FFEE1A910013
:20C7A00000F6D9FF6860DA0053CF20F010FFC822910000F6D9FF6860DA0053CF20F010FF9C
:20C7C000C82F54FF7B000A046B0031FF742F3C44910000F6D9FF6CA014FFDE4C910000F699
:20C7E000D9FF6860DA0453CF20F010FFC822910000F6D9FF6860DA0453CF20F010FFC82F53
:20C8000054FFBBD0CC0C9BC0DC036B0031FF742F3C23910000F6D9FF6CA014FF53CF20F0DB
:20C82000910000F6D9FF686010FFC822910000F6D9FF6CA014FF53CF20F0910000F6D9FFC9
:20C84000686010FFC82F54FFBBD0CC0C9BC0DC036B0031FF742F6DFF0DFA1D00A600910015
:20C8600000F6D9FF547614FFDF1F6780910000F6D9FF6CA014FFEE1A910000F6D9FF68607B
:20C88000DA0053CF20F010FFC822910000F6D9FF6860DA0053CF20F010FFC82F54FF7B008C
:20C8A0000A046B0021FF742F3C44910000F6D9FF6CA014FFDE4C910000F6D9FF6860DA040F
:20C8C00053CF20F010FFC822910000F6D9FF6860DA0453CF20F010FFC82F54FFBBD0CC0C3A
:20C8E0009BC0DC036B0021FF742F3C23910000F6D9FF6CA014FF53CF20F0910000F6D9FF62
:20C90000686010FFC822910000F6D9FF6CA014FF53CF20F0910000F6D9FF686010FFC82F79
:20C9200054FFBBD0CC0C9BC0DC036B0021FF742F6DFFA0F93C39910000F6D9FF5476082FFF
:20C94000DE106D00780C6DFF54BB6DFF31B3910000F6D9FF6450DA0034FF6DFF8BF93C24BD
:20C96000910000F6D9FF5476083FDE1E6D00630C910000F6D9FF6CA014FF53CF20F091002E
:20C9800000F6D9FF686010FFC82F91000026D9226850542F74FF910000F6D9FF6450DA00AE
:20C9A00034FF6DFF67F91D002D0182083C1C53C820F0910000F6D9FF709010FFC82F54FF68
:20C9C00074AF3BE00140534821F0370F705053C820F0910000F6D9FF709010FFD4F46D0058
:20C9E000CF16C218BF58E57F910000F6D9FF645014FFDF1FEE808204910000F6D9FF6CA07A
:20CA000014FF534F215091000048D944FED16D0071133B800C40910000F6D9FF6CA014FFB5
:20CA2000534F215091000048D944C2E16D006213910000F6D9FF5476081FDF1F47809100C2
:20CA400000F6D9FF6CA014FFEE1C910000F6D9FF7090DA0053CF20F010FFC822910000F6F4
:20CA6000D9FF7090DA0053CF20F010FFC82F54FFBBD0CC0C9BC0D4036B0031FF742F3C2149
:20CA8000910000F6D9FF6CA014FF53CF20F0910000F6D9FF709010FFC822910000F6D9FF2F
:20CAA0006CA014FF53CF20F0910000F6D9FF709010FFC82F54FF7B00F8036B0031FF742FB9
:20CAC0006DFFD8F81D008500910000F6D9FF547614FFDF1F4680910000F6D9FF6CA014FFFA
:20CAE000EE1C910000F6D9FF7090DA0053CF20F010FFC822910000F6D9FF7090DA0053CF6D
:20CB000020F010FFC82F54FFBBD0CC0C9BC0D4036B0021FF742F3C21910000F6D9FF6CA021
:20CB200014FF53CF20F0910000F6D9FF709010FFC822910000F6D9FF6CA014FF53CF20F0A8
:20CB4000910000F6D9FF709010FFC82F54FF7B00F8036B0021FF742F6DFF8CF83C39910083
:20CB600000F6D9FF5476082FDE106D00640B6DFF40BA6DFF1DB2910000F6D9FF6450DA008E
:20CB800034FF6DFF77F83C24910000F6D9FF5476083FDE1E6D004F0B910000F6D9FF6CA089
:20CBA00014FF53CF20F0910000F6D9FF709010FFC82F91000026D9226850542F74FF9100DA
:20CBC00000F6D9FF6450DA0034FF6DFF53F83C196DFFB8F5910000F6D9FF5476083F5E1FB4
:20CBE0003B401F406D009F166D00250B910000F6D9FF6C90DA0034FF6DFF3CF83C023C0119
:20CC0000910000F6D9FF645014FFEE0E910000F6D9FF608014FF1E5891000046D9446CA02A
:20CC200082546DFF10F991000046D9446CA082546DFF09F9910000F6D9FF5476082FDF1F07
:20CC40006B80910000F6D9FF608014F0DA003E0ADA01BE0CDA025F0F2E00DA035F0F3F00DD
:20CC60003C5191000026D9226850910000F6D9FF6CA014FF53CF20F0910000F6D9FF70A09E
:20CC800010FFC82F54FF742F3C3E91000026D9226850910000F6D9FF6CA014FF53CF20F004
:20CCA000910000F6D9FF647010FFC82F54FF742F3C2A91000026D9226850910000F6D9FF16
:20CCC0006CA014FF53CF20F0910000F6D9FF6C5010FFC82F54FF742F3C1691000026D922E8
:20CCE0006850910000F6D9FF6CA014FF53CF20F0910000F6D9FF686010FFC82F54FF742FA9
:20CD00003C023C01910000F6D9FF6450DA0134FF6DFFB0F7910000F6D9FF5476083F5E1B7B
:20CD20006D00890A910000F6D9FF6C90DA0034FF6DFFA0F70090C234B70402F06E659249A7
:20CD4000DF096300910000F6D9FFB41054FFEE1582046DFFFBF1802F325F160392446DFF96
:20CD6000F5F18020DFF051001022F4F291000046B542B01082007420D4FC820A3C0310CCDA
:20CD8000B0FC54CF6E036F0FFCFFF4FC3C1DB70801F010CF6F08188054FFEE1182046DFFAF
:20CDA000D5F149F4040A7D420F80325802846DFFCDF1802F1EF874CA82083C0CAE0442F819
:20CDC00074C840CF40FC54C876856F08E2FF3F98E0FFDF082680BF19180002946DFFB6F181
:20CDE000802F9EF249CF040A01F220F4EE0D012F30F4EE12802F325F1603102F92446DFF9E
:20CE0000A5F1802F5EF3A002009001CF2020802F960174CF40FC01C900F674FA3C0A9A491E
:20CE20003FF8078001C900F6A29874F83C0202898F1940F174CF49C2040A0090DF0430002D
:20CE4000404FBF842780804F8F3F000180518F3100115F101F802E06C2F4045F344F494FA3
:20CE6000010A80FF2E16045F24FFC2E4045F24FF8F7400018FD41FF06E0B02F14052C2F10B
:20CE800060160922480189F24801FC6CD05502047646C2F46042045F24FFFC2E404200907B
:20CEA000404FBF852380804F2E05C2F53444494F010A80FF2E1424F4C2E524F48F7500F19B
:20CEC00006D5DF051200D200764A370468008F802010A6108F002110A6100201C2F5605275
:20CEE00089F04801FC2E02F57655C2F5605224F4FC2F40420090024F370FE81B8F1F1E0060
:20CF0000DAFF7E17024F7444B70F89FB6E123C0B8FF00150DA7F7FF10900DA00B70F81FFC7
:20CF2000A65F744F02420090DA963FF10A007444DA00B70F81FF8FF00120A6F20090B70450
:20CF4000890B8F71012082F38B6109110F1300302630B700890BA652A60274426B0231F4C6
:20CF6000B70F812FA652009020104045910000F6D9FF681049F2140AF4A249A6100A40A44B
:20CF80006DFF8BEC09FFE4081640AAF20090024F8204370F68506D00DB2802F23C01009032
:20CFA0006F770C006F0505808FF707F16E06C215EF850400C21606F5B70589FB8F7601002C
:20CFC0008F840120A60FA6F20090201049A6100AA00FF4AF89A4840982FF780240A46DFFB0
:20CFE0005CECD801DA0034FF009002483708E8FBEE05820402851DFF85F16DFFDBEEDF025F
:20D000002280DA004BF801008F3000F16E056F001A001DFF9EEE4B0891F17B00F0034B0866
:20D0200041007B00FC134BF041206BF271214B2F41F04BF041006BF071014B0F41F04BF8D8
:20D04000418002820090404F044FEEFF01F420F080F2C2F200903C08C2F4044F04506E0260
:20D060003E0352020090DF04F9FF820200902010404C024FA00FF4AF89AC8409BCC410CF1C
:20D08000B0FF3C02A00FF80240A46DFF06ECBCC56E04D801DA0034FF00903B00D0269B92F1
:20D0A00012246B4461224B4441F0BBE0F408BB50061D9BA014049BB10C146B1F61106BF26C
:20D0C00061F04BF151F04B4F412000906D0095056D0036006D003F006D00E21382046D004C
:20D0E0009C0500904DC0E1FF16073C016E083C01910000F6D9FF44A614FF6EFB4DC0E1FF53
:20D1000016073C01910000F6D9FF44A610FFDA0134FF8218DA003C0B910000F6D9FF44A64B
:20D1200010FF14F0E20837086880C21FBF2FF6FF82146D00F813DF08EE7F00906DFF1CE3AA
:20D1400002246DFF70E26DFF2BE302246DFFAFE20090910000F6D9FF48A66DFF95DE682208
:20D160004DC0E1FF8F7F00413C01910000F6D9FF48A66DFFCCDD6812910000F6D9FF48A60D
:20D180006DFFD7DE74F2910000FFBCF16DFFB9DE913000FF39FF3506160F4B0F41F14BF2A7
:20D1A00051F03C013C01910000F6D9FF48A66CF30090404F0258F64791000026D92270B080
:20D1C000142FEE023C1F91000026D9226CB0142F6E033C013C0091000026D9226CB0DA001E
:20D1E000C21F342F6D00FD043C0C91000048D9441C02A00640F502846D0075006D0004006D
:20D200003CF500902008DA0074AFDA007801DA0074AF3C0FDA0078013C045801C21F780147
:20D2200058013BF0FF017FF0FAFF54AFC21F74AF54AF3BF0FF007FF0EFFF0090201849A4BC
:20D24000000A6D003102911000F8D9FF4ABDF80249A4000A6D00EC018204BB00205C9B15F4
:20D260000050820682076D00EB2391000046D94470B6820491000056D9556CA63B0004507C
:20D280006D008002820482156D00F2250090910000F6D9FF74B014FF6E13820491000046FA
:20D2A000D9446CB66D00D12591000046D94470B691000056D9556CB682146D00590300908C
:20D2C000404676423C0E910000F6D9FF74B014FF6E0891000048D944290202546D000300D3
:20D2E0000090D9AAE86F404C405D0248406E820089A08C08DA00ACA7DA007804DA00ACAAB1
:20D30000DA00ACAB40D46DFFA0FE89A2100991000026D92258A6092FC0086E08910000F6CD
:20D32000D9FF58A6C84F2D0F0000910000F6D9FF74B014F0DF007B01910000F6D9FF58A685
:20D3400009FFC008DF0F3F0109A096088CABC21FACAB910000F6D9FF58A6C83F82043700F8
:20D36000705040C42D0F000040D46DFF6EFE89A21009910000F6D9FF58A609F0C2089100CC
:20D3800000F6D9FF58A6086F4BF0010289A094083C0109DF0008B01DEEFDDA00ACA73C11E8
:20D3A000B0FD09D00008DA2F3E0509D00008DA5C7E0509AFCE08C21FACA75804C2FF78049E
:20D3C00009AFCE08FF2F05805804FF0FEB7F58040EFCB01DF4AD49A4180A91000058D9553E
:20D3E000CFF16DFFF4FD3C1709AFCE08EE0BF4AD49A4180A91000058D955D8F16DFFE7FD56
:20D400003C0AF4AD49A4180A91000058D955CFF16DFFDDFDDA00ACA63C4CDA00ACA73C23B9
:20D4200049A4180A6DFF11FE09A0CC088CAA09A1CE0803F00AF17FF203803C1A09AFCE0869
:20D4400010AF49FF184A09A0CC088CAA09A1CE0803F00AF110A2092F180834FF09AFCE0877
:20D46000C21FACA709A0CE088CAA3FF0DB7F09AFCE0810AF49FF184ADA0034FF910000F6AF
:20D48000D9FF58A608708CABE2F08CABC21FACAB910000F6D9FF58A6C83F820437007050E5
:20D4A00049A4184A2D0F000009AFCC08C21FACA609A9CC0849A4180A6DFFC7FD8CAA4BF2EA
:20D4C00011029A103FF9ABFF74A849A4180A91000058D955E5F16DFF7AFD910000F6D9FF53
:20D4E00058A6087F09A09608E2F08CABC21FACAB910000F6D9FF58A6C83F8204370070503E
:20D5000049A4180A2D0F0000A00F7DEF5B00DA00ACA63C4CDA00ACA73C2240E46DFF95FDE9
:20D5200009A0CC088CAA09A1CE0803F00AF17FF203803C1A09AFCE0810AF49FF184A09A0E0
:20D54000CC088CAA09A1CE0803F00AF110E2092F000834FF09AFCE08C21FACA709A0CE08AD
:20D560008CAA3FF0DC7F09AFCE0810AF49FF184ADA0034FF910000F6D9FF58A6087F09A05A
:20D580009608E2F08CABC21FACAB910000F6D9FF58A6C83F82043700705049A4184A2D0F40
:20D5A000000009AFCC08C21FACA609A8CC0840E46DFF4BFD8CAA4BF211029A103FF8ACFF3D
:20D5C0003C3549A4185A82043B0010506DFF6AFC910000F6D9FF58A6C82F40C42D0F0000F4
:20D5E000A00F7DEF1000F4AD89A8040989AE880949A4185A91000058D955EEF16DFFE7FCB5
:20D600003C0CF4AD89A8040949A4185A91000058D95507026DFFDBFC910000F6D9FF58A6C4
:20D62000C82F49A4185A2D0F00000090910000F6D9FF58A6094FC008B4FF910000F6D9FF39
:20D6400058A6094FC208ACF1910000F6D9FF58A6094FC408ACF2910000F6D9FF58A60C463F
:20D660002CF6910000F6D9FF58A60C472CF7910000F6D9FF58A609428809E822910000F6EB
:20D68000D9FF58A609428C09E83291000026D92258A6CC44EC24910000F6D9FF74B0DA018C
:20D6A00034FF0090DA00B44FBBF0FFFFAC41BBF0FFFFAC42DAFF2C46DAFF2C47A00FEC4229
:20D6C000A00FEC43A00FEC44009082046D004B250090404FA00201F2104491000048D9449C
:20D6E00035023B5005506DFF66FD820814FF960134FFDA006CF2DA006CF3485F6CF4081F3E
:20D7000082003E0682103E0A8220BE003C17C814820448556DFFC6FB3C11C8148204485F34
:20D72000532F20506DFFBEFB3C09C8148204485F534F20506DFFB6FB3C01DA0034FF028287
:20D740003C0100904C43424F6C433C064C4309401409A20F6C434C4509400C097FF0F8FF41
:20D7600000904C42424F6C423C064C4209401409A20F6C424C45094008097FF0F8FF0090D6
:20D78000404F024F405C0258A00201F2104491000048D94435023B2022506DFF0CFD8202D7
:20D7A000E81C820034F02CF1DA006CF2DA006CF3684868583C010090404F405C406D0249D1
:20D7C000A00201F2104491000048D94435023B1016506DFFF0FCA00201D210449100004888
:20D7E000D94435023B2016506DFFE5FC82088200A0027DC2058082381D00900014FF1603C2
:20D800006E0574D082681D009F0040F46D009F0054D07F020B8074D28278F62714FFB70F05
:20D8200081F134FF1D00900014FF960834FF485F4830520A54D03F0A2B80081F82003E0632
:20D8400082103E0C8220BE063C21C812483F102554D440C46DFFF4FA3C19C812483F532FD5
:20D8600020F0102554DF532F204040C46DFFE8FA3C0DC812483F534F20F0102554DF534F96
:20D88000204040C46DFFDCFA3C013C43081F82003E078210BE0482205F0F27003C3AC8125D
:20D8A000483F102540C402A46DFFCAFA01CA0046C81554D4A2A46DFFC3FA3C2BC812483F85
:20D8C000532F20F01025532A204040C46DFFB8FA532A20F010C4C81554DFA2AF532F2040DE
:20D8E0006DFFAEFA3C16C812483F534F20F01025534A204040C46DFFA3FA534A20F010C4EF
:20D90000C81554DFA2AF534F20406DFF99FA3C0114FFB70F81F134FFDF09168014F0DA0B83
:20D920007E0382283C1014FF960234FF54D440F46DFF0AFF484F54D0420F6CF414FFB70F7C
:20D9400081F034FF02823C010090404FA002012F104491000048D94435023B6007506DFF92
:20D960002AFC485F484052023C010090404F405C0248A00201F2104491000048D9443502A6
:20D980003B000B506DFF17FC8209A0027DC2058082391D00B50014FF16056E0482491D006C
:20D9A000AF0014FF960434FF484F3F8FA480485F4820520A7F8A69800810DA003E08821127
:20D9C0005F012000DA025F0F3E003C5DC812482F102440C502A46DFF33FA40F402A46DFF97
:20D9E000C2FEC812482F102401CA00560BA880406DFF26FA0BA8804040F46DFFB4FE3C437E
:20DA0000C812482F532F20F01024532A204040C56DFF16FA40F402A46DFFA5FEC812482F57
:20DA2000532F20F01024532A20F010C55AA8532F20406DFF05FA0BA8804040F46DFF93FECB
:20DA40003C22C812482F534F20F01024534A204040C56DFFF5F940F402A46DFF84FEC81233
:20DA6000482F534F20F01024534A20F010C55AA8534F20406DFFE4F90BA8804040F46DFF67
:20DA800072FE3C013C33081F82003E068210BE008220BE0D3C2BC812482F102440C5028449
:20DAA0006DFFCEF940F402846DFF5DFE3C1FC812482F532F20F010245328204040C56DFFF4
:20DAC000BFF940F402846DFF4EFE3C10C812482F534F20F010245348204040C56DFFB0F984
:20DAE00040F402846DFF3FFE3C01484FA28F6CF43C02825914FFB70F01F134FF02923C0176
:20DB000000902010404C0248A00F01FC104491000048D944B5123B0008506DFF4CFBDA0092
:20DB2000A00F7DCF03803C29CE873BD0020034C0B01C32583C05F684DA3034CF3C1E3C11E7
:20DB40003BA000004B0801020E123C02325110AF34F1C21F370F68F03BA000004B0801829F
:20DB6000DF08F0FF3C0910AF09F07FF88B00030034C0B01CC2FFEEF800902010404C0248D0
:20DB8000A00F01FC104491000048D944B5123BC00C506DFF10FBDA00A00F7DCF03803C1F47
:20DBA000F684DA3034CF3C1B3C0E10AF3BA000004B08110234F1C21F370F68F03BA00000BE
:20DBC0004B081182DF08F3FF3C0910AF09F03FF88B00030034C0B01CC2FFEEF800906D0060
:20DBE0000C006D007E116D0052166D00861082046D00130000904DC0E2FF370FE1F78B0F09
:20DC000020F23C010D00400300003C013C018B0F00223C010090F6430D0000030090201059
:20DC2000DA0089AF0609910000F6D9FF44C014FFDF0FB8003C0A91000046D94448C649A571
:20DC40000A0A82146DFF94FE823449A40A0A6D00FC20DF02F2FF0CAA3BA000005F0FA280E9
:20DC6000DA0689AF060991000046D94448C649A5000A49A6060A82146DFFA0FD49A4030AEB
:20DC800091000058D955A12282346DFFE6F9DF022480910000F6D9FF40C014FF9E2C910057
:20DCA00000F6D9FF40C0DA0134FF91000046D94448C66DFF4CFE89A2060991000046D944A2
:20DCC00048C691000056D95560E649A6060A82046DFF74FD3C5A49A4030A91000058D955D2
:20DCE000A52282346DFFB9F9DF022480910000F6D9FF7CB014FF9E2C910000F6D9FF7CB011
:20DD0000DA0134FF91000046D94448C66DFF1FFE89A2060991000046D94448C69100005647
:20DD2000D95560C649A6060A82046DFF47FD3C2D49A4030A91000058D955A92282346DFFF3
:20DD40008CF9DF022380910000F6D9FF48C014FF9E2C910000F6D9FF48C0DA0134FF910070
:20DD60000046D94448C66DFFF2FD89A2060991000046D94448C691000056D955A00649A6F1
:20DD8000060A82046DFF1AFD91000046D94448C66DFFA1FC910000F6D9FF78B0DA0134FFCA
:20DDA00000908208820A82093C130290C21937097090DAFF7F0F048082183C0D3BF00040FD
:20DDC0006D00AA01022A3BA000406D00AC0DDA6B5FAFEDFF02823C01009020083B80024009
:20DDE00049A4000A82656D00C701910000F6D9FF4CC00CA18F8F20F014A0A60FB4FF91001D
:20DE000000F6D9FF50C00CA38F8F20000CA2A6F0B4F0910000F6D9FF54C00CA58F8F2000ED
:20DE20000CA4A6F0B4F0009020083B20024049A4000A82656D00A001910000F6D9FF58C040
:20DE40000CA18F8F20F014A0A60FB4FF910000F6D9FF5CC00CA38F8F20000CA2A6F0B4F07B
:20DE6000910000F6D9FF60C00CA58F8F20000CA4A6F0B4F00090201082083BA000406D0078
:20DE8000520DDA6DB4AFDA72ACA23B3019F0ACA482148205BB0068699B8609603B600670D7
:20DEA0006D005B163BB016408215820682376D00BE0F821482056D0090013B2001408215E3
:20DEC0006D008B0182246D002E0D821482056D0084016DFF68FFDF021200820491000048C7
:20DEE000D944AD2291000058D95595323B200F506DFFE8F982181D000C013BD0004082358B
:20DF00006D006B018220DA00BE0A82115F01280082215F013500DA035F0F42003C01820441
:20DF200091000048D944814291000058D95595323B2010506DFFC6F982183C413B000140D1
:20DF40003B0003506D004901910000F6D9FF64C03B0020F19B0F68F474FF3C313B0001404B
:20DF60003B8003506D003901910000F6D9FF64C03B0040F19B0F60F474FF3C213B000140B3
:20DF80003BC003506D002901910000F6D9FF64C03B0000F19B0F58F474FF3C113B000140BB
:20DFA0003B4003506D001901910000F6D9FF64C03B0000F19B0F50F474FF3C01DF18048044
:20DFC0001D00A700DA0482005F0F210082105F0F2E0082205F0F3B0082305F0F48008240EB
:20DFE0005F0F550082505F0F62003C01820491000048D944A84291000058D95595323BA060
:20E0000012506DFF5FF982183C613B1001403B2005506D00E200910000F6D9FF64C0BBA03A
:20E0200099F99B4F36F46CF13C513B1001403B0005506D00D200910000F6D9FF64C0BBA017
:20E0400099F99B4F2EF46CF13C413B1001403B4005506D00C200910000F6D9FF64C03B609F
:20E0600066F69B4F26F46CF13C313B1001403B8005506D00B200910000F6D9FF64C0BBD0AD
:20E08000CCFC9B4F1EF46CF13C213B1001403BC005506D00A200910000F6D9FF64C0BBD009
:20E0A000CCFC9B4F16F46CF13C113B1001403B1005506D009200910000F6D9FF64C03B30E1
:20E0C00033F39B3F0EF46CF13C01DF1803803C203B2001403B4004506D007F003B300140CB
:20E0E00082256D007A003B40014082056D0075003B50014082056D0070003B6001408205DA
:20E100006D006B003B80014082156D00660002823C0100900248DA006E0A3BB016406D0026
:20E12000FC0DB0423B0080F0742F3C093BB016406D00F30DB0427B0080F0742F82148F08F6
:20E1400048516D00E51A0228DA016E0A3BB016406D00E30DB0423B0080F0742F3C093BB02F
:20E1600016406D00DA0DB0427B0080F0742F02823C0100900248404F0259DA006E0A3BB0B3
:20E1800016406D00CA0DB0423B0080F0742F3C093BB016406D00C10DB0427B0080F0742F64
:20E1A00082148F08485140F402966D00F91ADA016E0A3BB016406D00B00DB0423B0080F0F2
:20E1C000742F3C093BB016406D00A70DB0427B0080F0742F00900B451088DA006E0A3BB0C0
:20E1E00016406D009A0DB0423B0080F0742F3C093BB016406D00910DB0427B0080F0742F64
:20E200008214028502966D00BE1BDA016E0A3BB016406D00820DB0423B0080F0742F3C09EE
:20E220003BB016406D00790DB0427B0080F0742F0090910000F6D9FF44D009FFC008532FD5
:20E2400020406DFF7AF5402C910000F6D9FF78C014FFEE14DA006E0A3B9028406D005D0D0F
:20E26000B0423B0020F0742F3C093B9028406D00540DB0427B0020F0742F820482059100BA
:20E2800000F6D9FF44D009FFC008C2FF370F7060910000F6D9FF7CC009FFC008C2FF370F83
:20E2A00070706D00870482003C0E532020F010CF91000026D9226CC0092FC008B4FFC210F5
:20E2C00037007000910000F6D9FF44D009FFC0083FF0EDFFDA003C0D910000F6D9FF44D0A3
:20E2E00009F4C00840C46D005108C21F370F70F0910000F6D9FF7CC009F0C0083F0FEEFF71
:20E30000910000F6D9FF78C014FFEE14DA016E0A3B9028406D00010DB0423B0020F0742F70
:20E320003C093B9028406D00F80CB0427B0020F0742F40C46DFF57E90090201849A4000A65
:20E340006DFFB2F9DA01B4AF910000F6D9FF44D009FFC008ACA1910000F6D9FF7CC009FF35
:20E36000C008ACA2910000F6D9FF74C014FF82003E0682103E0982203E0C3C0CDA062CA65C
:20E38000DA082CA73C07DA082CA6DA102CA73C023C01911000F8D9FF303FF803911000F825
:20E3A000D9FF328EF80449A4000A6DFF41F900902008024F0B561088027A09ABC808910099
:20E3C00000F6D9FF44D009F0C0080B0F304191000048D94490523BF021506DFFECF69100BC
:20E3E00000F6D9FF7CC009F0C0080B08304191000048D94490523B0022506DFFDCF691007A
:20E4000000F6D9FF44D009F0C0080B09304191000048D94490523B1022506DFFCCF6910080
:20E4200000F6D9FF7CC009F0C0080B0A304191000048D94490523B2022506DFFBCF67F9FAA
:20E440000580821074A03C0382F074A07FA80480821E3C0282FEBE910BA880004B004101B4
:20E4600052914B0141114B1051D04B0861014B0F61116BD171C03C123C090B98104802B66B
:20E480006D00530042E8370870805FA8F8FF0B9A104802B66D0049003C460BA880000E0433
:20E4A0000BA880003C040BA88000325052910E1352913C03529132517F011D003C130BF8B9
:20E4C000104802B66D00310042E8370870804B0861F16B0C31FF4BDF51406DFFF8DB3702B6
:20E4E00070F05FA8EEFF0BFA104802B66D001D003C1A3C120BF8104802B66D00160054A0FB
:20E50000420F370F70F04B0F61016BD0614C6DFFDEDB370270805F9FEFFF0B98104802B673
:20E520006D00030000900B451088026A910000F6D9FF44D009FFC0080BF8304191000048F7
:20E54000D94490523B1020506DFF35F6910000F6D9FF7CC009FFC0080BF9304191000048B1
:20E56000D94490523B2020506DFF25F6910000F6D9FF78C014FFEE14DA006E0A3B90284019
:20E580006D00CB0BB0423B0020F0742F3C093B9028406D00C20BB0427B0020F0742F0B89F2
:20E5A00010480B8910686D00050302A46D005806910000F6D9FF78C014FFEE14DA016E0A12
:20E5C0003B9028406D00A90BB0423B0020F0742F3C093B9028406D00A00BB0427B0020F0FA
:20E5E000742F00902010DF045480910000F6D9FF78C0DA0034FF910000F6D9FF50D03BB0F3
:20E6000028F0B4FF910000F6D9FF48D03BC028F0B4FF910000F6D9FF4CD03B9028F0B4FFE1
:20E62000DA07B4AFDA0CACA23B3019F0ACA482048205BB0070689B36396082176D008D12EF
:20E640003BA028408215820682376D00F00B910000F6D9FF50D094F48215820682376D00EB
:20E66000E60B910000F6D9FF4CD094F48215821682376D00DC0B910000F6D9FF48D094F46B
:20E680008215821682376D00D20B1D008500910000F6D9FF78C0DA0134FF910000F6D9FFA2
:20E6A00050D03B001EF0B4FF910000F6D9FF48D03B401EF0B4FF910000F6D9FF4CD03B20B5
:20E6C0001EF0B4FF3B001E408215820682376D00AE0B910000F6D9FF48D094F482158206C4
:20E6E00082376D00A40B910000F6D9FF4CD094F48215821682376D009A0B3B301E408215E8
:20E70000820682376D00930B3B501E408215820682376D008C0B3B101E4082158216823757
:20E720006D00850B3B9016408215821682376D007E0B3BA016408215821682376D00770BD5
:20E740003BB016408215821682376D00700B3BC016408215821682376D00690B3B001A40F9
:20E760008215821682376D00620B3B101A408215821682376D005B0B3B201A408215821693
:20E7800082376D00540B3B301A408215821682376D004D0B910000F6D9FF70C014F46D007E
:20E7A000DE01910000F6D9FF40D009F4C008910000F6D9FF6CC009F5C0086D00C501DA01E7
:20E7C0006E14910000F6D9FF48D094F46D00A50AB0428210910000F6D9FF48D094FF161FD9
:20E7E0000FF0100074203C14910000F6D9FF48D094F46D00920AB0427B100000910000F61A
:20E80000D9FF48D094FF161F0FF010007420DA006E14910000F6D9FF50D094F46D007D0A46
:20E82000B0428210910000F6D9FF50D094FF161F0FF0100074203C14910000F6D9FF50D09B
:20E8400094F46D006A0AB0427B100000910000F6D9FF50D094FF161F0FF010007420825412
:20E860006D006108DA016E14910000F6D9FF50D094F46D00520AB0428210910000F6D9FFB2
:20E8800050D094FF161F0FF0100074203C14910000F6D9FF50D094F46D003F0AB0427B1063
:20E8A0000000910000F6D9FF50D094FF161F0FF0100074203B8007406D003508910000F63B
:20E8C000D9FF78C014FFEE14DA006E0A3B9028406D00230AB0423B0020F0742F3C093B9004
:20E8E00028406D001A0AB0427B0020F0742F3B1001406D0057063B8007406D0014083B6083
:20E9000003406D004F06910000F6D9FF70C014FF82003E0882103E0A82203E0D8230BE0051
:20E920003C1482046D00D2053C103B000C406D00CD053C0B3B0007406D00C8053C063B002B
:20E940000A406D00C3053C013BA003406D002A0682546D00BB053B200B406D0023063BC006
:20E9600000406D00B3053BC000406D00AF0582046D00AC053B3003406D00A8053B300340BC
:20E980006D00A4053B700B406D000C063B5003406D009C053BB00B406D0004063B90024056
:20E9A0006D0094053B200C406D00FC0582146D008D053B300C406D00F5053B9001406D0010
:20E9C00085053B400C406D00ED053B0002406D007D053B500C406D00E5053BA001406D0064
:20E9E00075053B600C406D00DD053BF001406D006D053B000D406D00D5053B400A406D001B
:20EA000065053B100A406D0061053B000E406D00C9053B000D406D0059053B8000406D00A5
:20EA200055053BE000406D0051053B9000406D004D053B9000406D00490582546D00460540
:20EA40003B1003406D0042053B3003406D003E053B8004406D003A053B7001406D003605D7
:20EA60003B4001406D0032053B5001406D002E053B1003406D002A053B4003406D0026054A
:20EA80003B100E406D008E053B000D406D001E053B8000406D001A053BE000406D0016055B
:20EAA0003B9000406D0012053B9000406D000E053B5001406D000A053B1003406D000605EE
:20EAC0003B3003406D0002053B8004406D00FE043B7001406D00FA043B4001406D00F6042C
:20EAE0003B5001406D00F2043B1003406D00EE043B4003406D00EA043B1002406D00520590
:20EB00003B9002406D004E05910000F6D9FF78C014FFEE14DA016E0A3B9028406D00FD0884
:20EB2000B0423B0020F0742F3C093B9028406D00F408B0427B0020F0742F6DFF7CFB6DFFA5
:20EB4000FEFB0090910000F6D9FF40D0B4F4910000F6D9FF6CC0B4F50090910000F6D9FFF2
:20EB600070C034F4DA003E48DA013E46DA02BE42DA03BE403C1D910000F6D9FF44D0DAF031
:20EB8000B4FF910000F6D9FF7CC03B0014F0B4FF3C0F910000F6D9FF44D03B0014F0B4FF85
:20EBA000910000F6D9FF7CC0DAF0B4FF3C010090024F0B561088027A910000F6D9FF44D037
:20EBC00009F0C0080B0F304191000048D94490523BA014506DFFEFF2910000F6D9FF7CC0EA
:20EBE00009F0C0080B08304191000048D94490523BB014506DFFDFF2910000F6D9FF44D0F9
:20EC000009F0C0080B09304191000048D94490523BC014506DFFCFF2910000F6D9FF7CC0AF
:20EC200009F0C0080B0A304191000048D94490523BD014506DFFBFF23BA002406D00B204E9
:20EC400002F46D000D0302946D000A033BB002406D00A80402846D00030302A46D000003DC
:20EC60003BC002406D009E04009049AA00CA0B451088026A910000F6D9FF44D009F0C00873
:20EC80000B08304191000048D94490523BE025506DFF91F2910000F6D9FF7CC009F0C0083D
:20ECA0000B09304191000048D94490523BF025506DFF81F2910000F6D9FF78C014FFEE14CC
:20ECC000DA006E0A3B9028406D002708B0423B00200074203C093B9028406D001E08B04235
:20ECE0007B0020F0742F910000F6D9FF74C014F0DA003E09DA015F0F4C00DA025F0FC2008D
:20ED00001D00C1009A58370F70609A79370F70700B8910486DFF4EFF82003C318B0A1EF09D
:20ED2000536F20F0910000F8D9FF1D1210FF01F000F614F182023C206F011000DA0603F241
:20ED40000AF0532F20F010AF91000026D92240D0092FC008B4FF3C0EDA0603F20AF0532F58
:20ED600020F010AF91000026D9226CC0092FC008B4FF86F1C212BF82E1FFC210BF60D0FF07
:20ED800049A4000A3B0003406D0000033C7B9A78370F70608BF900F0370F70700B89104829
:20EDA0006DFF08FF82033C648B0A1E00530021F0910000F8D9FF05A210FF01F300F614F09F
:20EDC0008B0A1E10530121F0910000F8D9FF05A210FF01F300F6088482013C206F00100020
:20EDE000DA0803F10A23532220F010AF91000026D92240D00922C008B4F23C0EDA0803F151
:20EE00000A23532220F010AF91000026D9226CC00922C008B4F286F0C211BF81E1FF82001F
:20EE20003C246F041200DA0803F00A138B0104F0532F20F010AF91000026D92240D0092F30
:20EE4000C008B4FF3C10DA0803F00AF38B0F04F0532F20F010AF91000026D9226CC0092F24
:20EE6000C008B4FF86F4C210BF80DDFFC213BF839DFF49A4000A3B0008406D0087023C024F
:20EE80003C01910000F6D9FF78C014FFEE14DA016E0A3B9028406D004007B0423B0020F012
:20EEA000742F3C093B9028406D003707B0427B0020F0742F00900B451088404C0B6710A83E
:20EEC00009ACC00809ADC40809AE4808910000F6D9FF44D009F0C0080B083041910000489B
:20EEE000D94490523B2039506DFF65F1910000F6D9FF7CC009FFC0080BF9304191000048B4
:20EF0000D94490523B3039506DFF55F1A00F01CF104491000048D94490523B4039506DFF31
:20EF20004AF1532C20406DFF08EF402D910000F6D9FF78C014FFEE14DA006E0A3B902840B6
:20EF40006D00EB06B0423B0020F0742F3C093B9028406D00E206B0427B0020F0742F1AC8A4
:20EF6000C2FF370F70601AD9C2FF370F70700B8910486DFF1FFE82083C3C73B80AF04BDF1A
:20EF8000110273A00AF010CF82023C2C73A20AF04BCF110201F000261420DF0E15808FD01E
:20EFA0003FF0161F8FBF20108FE03FF0163F865FA6F186D08FF001F1A6F1532220F010D23B
:20EFC000B4213C0F7FE00880532220F010D2DA00B42F3C07532220F010D2BBF0FFFFB42FD0
:20EFE000C2123FC2D5FF40D402C46D00CF01C2183FD8C5FF910000F6D9FF78C014FFEE14F0
:20F00000DA016E0A3B9028406D008706B0423B0020F0742F3C093B9028406D007E06B04235
:20F020007B0020F0742F40D46DFFDDE2009020100B4510A80269027C910000F6D9FF44D03F
:20F0400009F0C0080B0A304191000048D94490523B902D506DFFAFF0910000F6D9FF7CC0A3
:20F0600009F0C0080B0B304191000048D94490523BA02D506DFF9FF082000BC030419100CE
:20F080000048D94490523BB02D506DFF94F0DA0A0BCF504191000048D94490523BC02D5032
:20F0A0006DFF89F0DA0149A4000A82043BC000506DFFF8EE49A4000A3B0002408B1C00500B
:20F0C0006DFFF0EEFFAC0A803C0453AF20F0C2FCFF1CFDFF4BF9018249A4000A02946DFFCA
:20F0E00012F549A4000A0BAB10486D00030000900B451088404C910000F6D9FF44D009FF15
:20F10000C0080BF8304191000048D94490523BB02B506DFF50F0910000F6D9FF7CC009FF26
:20F12000C0080BF9304191000048D94490523BC02B506DFF40F0820A3C2C910000F6D9FF55
:20F1400074C014F0DA003E07DA01BE0282215F011D003C1C8260030A0AF8370F704001CA93
:20F1600000F609F6000802956DFF81FD3C0FDA0803FA0AF8370F704001CA00F609F6000827
:20F1800002956DFF74FD3C023C01C21A370A70A001CA00F609FF0008EED1009020100B45B3
:20F1A00010A80269027C910000F6D9FF44D009FFC0080BFA304191000048D94490523B00E2
:20F1C00030506DFFF8EF910000F6D9FF7CC009FFC0080BFB304191000048D94490523B1057
:20F1E00030506DFFE8EFDA000BCF304191000048D94490523B2030506DFFDDEFDA0A0BCF7E
:20F20000504191000048D94490523B3030506DFFD2EFDA0149A4000A82043BC000506DFF5E
:20F2200041EE49A4000A3B00024002C56DFF3AEEFFAC0A803C0453AF20F0C2FCFF1CFDFF74
:20F240004BF9118249A4000A02946DFF98F449A4000A0BAB10486DFF4DFF0090024891002A
:20F2600000F6D9FF78C014FFEE07820402856D00E5121D008A00DA006E0A3B9028406D0076
:20F280004C05B0423B00200074203C093B9028406D004305B0427B0020007420DA016E099C
:20F2A0003B301E406D003905B042DA08742F3C093B301E406D003105B0427B800000742031
:20F2C000DA006E093B501E406D002705B042DA20742F3C093B501E406D001F05B0427B00A0
:20F2E00002F0742F8F883F406D001302DA016E093B501E406D001105B042DA20742F3C09CF
:20F300003B501E406D000905B0427B0002F0742FDA006E093B501E406D00FF04B042DA20F1
:20F32000742F3C093B501E406D00F704B0427B0002F0742F8FF80F416D00EB01DA016E0910
:20F340003B501E406D00E904B042DA20742F3C093B501E406D00E104B0427B0002F0742F59
:20F36000DA016E0A3B9028406D00D704B0423B0020F0742F3C093B9028406D00CE04B04236
:20F380007B0020F0742F0090404F024891000026D92278C0142FEE08820440F402856D0005
:20F3A00086121D009200DA006E0A3B9028406D00B404B0423B0020F0742F3C093B90284004
:20F3C0006D00AB04B0427B0020F0742FDA016E093B301E406D00A104B042DA08742F3C0908
:20F3E0003B301E406D009904B0427B8000F0742F3C55DA006E093B501E406D008E04B042FE
:20F40000DA20742F3C093B501E406D008604B0427B0002F0742F09F4C00886846D00790172
:20F42000DA016E093B501E406D007704B042DA20742F3C093B501E406D006F04B0427B009F
:20F4400002F0742FDA006E093B501E406D006504B042DA20742F3C093B501E406D005D047C
:20F46000B0427B0002F0742F09FFC0088FFF0F416D004F01DA016E093B501E406D004D0426
:20F48000B042DA20742F3C093B501E406D004504B0427B0002F0742FB02F028FC2F8EEAA35
:20F4A000DA016E0A3B9028406D003704B0423B0020F0742F3C093B9028406D002E04B04235
:20F4C0007B0020F0742F00900248910000F6D9FF78C014FFEE06820402856D0030123C602E
:20F4E000DA006E0A3B9028406D001704B0423B0020F0742F3C093B9028406D000E04B04236
:20F500007B0020F0742FDA016E093B301E406D000404B042DA08742F3C093B301E406D003B
:20F52000FC03B0427B8000F0742FDA006E093B501E406D00F203B042DA20742F3C093B5051
:20F540001E406D00EA03B0427B0002F0742F02846D00DF00DA016E093B501E406D00DD0397
:20F56000B042DA20742F3C093B501E406D00D503B0427B0002F0742FDA016E0A3B90284001
:20F580006D00CB03B0423B0020F0742F3C093B9028406D00C203B0427B0020F0742F0090F6
:20F5A0000248910000F6D9FF78C014FFEE2DDA006E0A3BA028406D00B003B0423B0040F02A
:20F5C000742F3C093BA028406D00A703B0427B0040F0742F820402856D00B111DA016E0A1A
:20F5E0003BA028406D009903B0423B0040F0742F3C093BA028406D009003B0427B0040F09A
:20F60000742F1D008500DA006E0A3B9028406D008403B0423B0020F0742F3C093B902840D4
:20F620006D007B03B0427B0020F0742FDA006E093B101E406D007103B042DA02742F3C092E
:20F640003B101E406D006903B0427B2000F0742FDA016E093B301E406D005F03B042DA084A
:20F66000742F3C093B301E406D005703B0427B8000F0742FDA006E093B501E406D004D039B
:20F68000B042DA20742F3C093B501E406D004503B0427B0002F0742F02846D003A00DA01EE
:20F6A0006E093B501E406D003803B042DA20742F3C093B501E406D003003B0427B0002F086
:20F6C000742FDA016E0A3B9028406D002603B0423B0020F0742F3C093B9028406D001D0386
:20F6E000B0427B0020F0742FDA016E093B101E406D001303B042DA02742F3C093B101E400D
:20F700006D000B03B0427B2000F0742F0090910000F8D9FF08B1C8628F9420F0910000F8BE
:20F72000D9FF08B1C86F54F0B7008404A60F742F910000F8D9FF08B1C88286C4910000F8EF
:20F74000D9FF08B1C88F54FFB70F04F0A6F4742400902080024F404549A6002A49A4000A6C
:20F760003B0008406DFF85EC8204534F21F08B8F075049A4000A6DFFBDFC00902080024FE2
:20F780000258404549A6002A49A4000A3B0008406DFF6FEC49A4000A0BF810486DFFAAFCCC
:20F7A000009000900D00000282046DFF36F29100004F82046DFF55D0910000F6D9FF6CD06E
:20F7C000DA0034FF0D00400200800D00000282046DFF23F2C5F4004082046DFF42D09100A9
:20F7E00000F6D9FF70D0DA0034FF0D004002008002484DC0E1FF16073C01370F48404DC0B3
:20F80000E20F3700E1078B0020F23C013C01EE0D6DFF45D0092010093C013C014C243C01DC
:20F82000A20F3F8FFDFF3C3A82FF5F4F3700DA003E44DA01BE4A3C32910000F6D9FF6CD029
:20F84000DA0134FF6DFFD9F185FF100042F8A5F8300002246DFFE1F13C01910000F6D9FFC9
:20F860006CD014FFEEFB3C1A910000F6D9FF70D0DA0134FF6DFFC1F185FF1040428FA5FFE6
:20F88000304002246DFFC9F13C01910000F6D9FF70D014FFEEFB3C023C01009020104DC08C
:20F8A000E2FF370FE1F78B0F20823C010D00400300003C013C01820034A0DA002CA2DA1F0F
:20F8C0002CA3DA002CA1DA017801DADCACA4DA002CAA9100004F49A5000A6DFF0BD09100F8
:20F8E000004F82046DFFBDCFDA0034AFDA002CA2DA1F2CA3DA002CA1DA017801DADDACA40C
:20F90000DA012CAAC5F4004049A5000A6DFFF2CFC5F4004082046DFFA4CF76830D000003B1
:20F920000090024FBB00C4097FF017803C0A3B0080429BB4E64E6DFF5DFFBB00C409A20F91
:20F94000BB00C4093FF0F5FF3B50C3400654E2F46DFF50FF3C073B50C3400654E2F46DFF16
:20F9600049FF0090DA003E4ADA013E4CDA023E4EDA03BE40DA04BE423C15DA00A5FFF48282
:20F980003C11DA00A5FFF8823C0DDA00A5FFFC823C09DA00A5FFC0923C05DA00A5FFC492B3
:20F9A0003C010090024F0B561088C5F4C0826DFF75B7821005F1D5863701820125F0D58293
:20F9C000820005F1E1863701820125F0E1820BF8104802966D00AB0082003E0F82105F0F3B
:20F9E0002A0082205F0F440082305F0F5E0082405F0F78001D009300821005F1D08637019D
:20FA0000030025F0D082821005F1D1863701010025F0D182821005F1D0863701830125F04D
:20FA2000D082821005F1D0863701010325F0D0823C75821005F1D4863701030025F0D482BA
:20FA4000821005F1D5863701010025F0D582821005F1D4863701830125F0D482821005F18D
:20FA6000D4863701010325F0D4823C58821005F1D8863701030025F0D882821005F1D9867A
:20FA80003701010025F0D982821005F1D8863701830125F0D882821005F1D886370101038A
:20FAA00025F0D8823C3B821005F1DC863701030025F0DC82821005F1DD863701010025F08F
:20FAC000DD82821005F1DC863701830125F0DC82821005F1DC863701010325F0DC823C1EBB
:20FAE000821005F1E0863701030025F0E082821005F1E1863701010025F0E182821005F13E
:20FB0000E0863701830125F0E082821005F1E0863701010325F0E0823C01910000F6D9FF0F
:20FB200074D010FFDA0134FF0090026F82005F40100082105F403A0082205F40570082307D
:20FB40005F407A0082405F40A4001D00C900F656910000F8D9FF40103C11DF15078091004B
:20FB600000F8D9FF54103C0A820491000048D944BA523BE003506DFF1EEBEE06910000C853
:20FB8000D9CC58003C105E16910000C8D9CC6C003C0A820491000048D944BA523B200450C1
:20FBA0006DFF09EB1D009C00DF250780910000F8D9FF7C103C0A820491000048D944BA52E6
:20FBC0003B8004506DFFF7EA5E26910000C8D9CC68103C0A820491000048D944BA523BB016
:20FBE00004506DFFE8EA3C7BDF350780910000F8D9FF78203C0A820491000048D944BA525A
:20FC00003B1005506DFFD7EA5E36910000C8D9CC50203C105E46910000C8D9CC64203C0A5D
:20FC2000820491000048D944BA523B5005506DFFC2EA3C55DF450780910000F8D9FF743003
:20FC40003C11DF550780910000F8D9FF48403C0A820491000048D944BA523BC005506DFF29
:20FC6000AAEA5E56910000C8D9CC4C303C105E66910000C8D9CC60303C0A8204910000487F
:20FC8000D944BA523B0006506DFF95EA3C28DF650780910000F8D9FF70403C11DF75078057
:20FCA000910000F8D9FF44503C0A820491000048D944BA523B7006506DFF7DEA5E76910048
:20FCC00000C8D9CC5C403C0A820491000048D944BA523BA006506DFF6EEA3C013B0001409F
:20FCE000820540F46DFF31B63B000140820540C46DFFE3B50090DA003C0C534F2000600F08
:20FD00009140003F30F3D93FD438820074F0C21FBF4FF57F0090BB00FEFF26F4DA005F4F59
:20FD20003200DA405F4F34003B0014F05F4F35003B0016F05F4F36003B001AF05F4F370024
:20FD40003B001CF05F4F38003B001EF05F4F39003B0028F05F4F3A003B002AF05F4F3B00CD
:20FD60003B002CF05F4F3C003B002EF05F4F3D003B0040F05F4F3E003B0042F05F4F3F004D
:20FD80003C429140002FD922000A3C3E9140002FD922008A3C399140002FD922000B3C34F6
:20FDA0009140002FD922004B3C2F9140002FD92200CB3C2A9140002FD922400B3C259140EE
:20FDC000002FD922404B3C209140002FD922000C3C1B9140002FD922004C3C169140002F1B
:20FDE000D922008C3C119140002FD92200CC3C0C9140002FD922008D3C079140002FD9225A
:20FE000000CD3C023C013C010090024F02F46DFF84FF161F09202409570061FF6E03821250
:20FE20003C0282023C013C0100900B451088026AF69DDA003E74DA023E743C05DA003C0599
:20FE4000DA083C03DA103C013C08DA043E723C03DAC03C03DA803C0102846DFF5EFF8FF803
:20FE60000141402402F56DFF27B802846DFF55FF8FF80141820540246DFF50B8DF1919809B
:20FE800076AC02846DFF49FF8FF801F182100FF01000892004093C0C02846DFF3EFF8FF838
:20FEA00001F17B1000000FF01000892004090090024F765B02F46DFF30FF161F82100FF0F7
:20FEC0001000892004093C0B02F46DFF26FF161F7B1000000FF010008920040900909100E8
:20FEE00000F8D9FF20D0D4F46DFFC8AB910000F8D9FF20D0C8246DFFC1AB00902088024903
:20FF0000025A4DC0E2FF370FE1F78B0F20B23C010D00400300003C013C01DA024BF90142A3
:20FF20006DFFD7AB402F49A4240A40F56DFFFDAE6DFFFFC702246DFF00CF0B2310C88208DA
:20FF40003C1C820702A60BCD10486DFF7F950B231048BB0024649BF6006082076DFFC6955E
:20FF6000BBF0FFFF7FF203803C0B8FFD1F1077CD800F0B0110C8C218DA103FF8E4FFDA1063
:20FF80003FF80280DA003E98DA013E9DDA02BE92DA03BE973C1DDA0089AF2418DA1E89AF0D
:20FFA000A2183C16DA0089AF2A18DA1F89AFA8183C0FDA0089AF2418DA2089AFA2183C0827
:20FFC000DA0089AF2A18DA2189AFA8183C01DA024BF90102DF011780DA0089AF0018DA07F8
:20FFE00089AF2018DA0189AF211889A228090BCD10486DFFD0CE89A22409DA0089AF0C1821
:02000004800179
:200000003C15DA0189AF0018DA0989AF2618DA0289AF271889A230090BCD10486DFFBBCE2F
:2000200089A22C09DA0089AF1418DA0089AF9A18DA0089AF9C18DA0089AF012849A4000A66
:2000400049A5240A6DFFACAC02BF6E030D0000034D00D0FF16015E19DA0182103700010E21
:2000600037F0040C89F0283949A4000A6DFF77AE0090DAAB3F4F0D00DA003FF40A005AF4D2
:20008000910000F8D9FF947190FFD4FFDC0F1D00F20391000028D9227C601D00F603910064
:2000A0000028D92258501D00F00391000028D92268601D00EA0391000028D92254601D005A
:2000C000E40391000028D92240601D00DE0391000028D9226C501D00D80391000028D922CB
:2000E00064701D00D20391000028D92278701D00CC0391000028D9224C801D00C6039100BB
:200100000028D92250701D00C00391000028D9225C901D00BA0391000028D92248901D00F9
:20012000B40391000028D92274801D00AE0391000028D92260801D00A80391000028D92282
:2001400058A01D00A20391000028D9226CA01D009C0391000028D92270901D00960391006E
:200160000028D92244A01D00900391000028D92268B01D008A0391000028D92254B01D007D
:20018000840391000028D92240B01D007E0391000028D92264C01D00780391000028D92272
:2001A00078C01D00720391000028D9227CB01D006C0391000028D92250C01D00660391002E
:2001C0000028D92274D01D00600391000028D92260D01D005A0391000028D9224CD01D00ED
:2001E000540391000028D92248E01D004E0391000028D9225CE01D00480391000028D92252
:200200006CF01D00420391000028D92258F01D003C0391000028D92244F01D0036039100F9
:200220000028D92270E01D00300391000028D92280001D002A0391000028D922BC001D00F0
:20024000240391000028D922A8001D001E0391000028D92294001D00180391000028D922A9
:2002600090101D00120391000028D9228C201D000C0391000028D922B8101D0006039100ED
:200280000028D922A4101D00000391000028D922A0201D00FA0291000028D92288301D0051
:2002A000F40291000028D922B4201D00EE0291000028D922A8501D00E80291000028D9224C
:2002C0009C301D00E20291000028D92294501D00DC0291000028D922AC401D00D602910098
:2002E0000028D92280501D00D00291000028D92298401D00CA0291000028D92284401D0012
:20030000C40291000028D922B0301D00BE0291000028D92290601D00B80291000028D92277
:20032000A4601D00B20291000028D922B8601D00AC0291000028D922BC501D00A60291003B
:200340000028D92284901D00A00291000028D9229C801D009A0291000028D922B0801D001D
:20036000940291000028D92288801D008E0291000028D922B4701D00880291000028D9224B
:20038000A0701D00820291000028D9228C701D007C0291000028D92280A01D007602910067
:2003A0000028D92294A01D00700291000028D92298901D006A0291000028D922AC901D00E5
:2003C000640291000028D922A4B01D005E0291000028D92290B01D00580291000028D92213
:2003E000BCA01D00520291000028D922A8A01D004C0291000028D922A0C01D0046029100BF
:200400000028D922B4C01D00400291000028D922B8B01D003A0291000028D9228CC01D0054
:20042000340291000028D922B0D01D002E0291000028D9229CD01D00280291000028D922EA
:2004400088D01D00220291000028D92284E01D001C0291000028D92298E01D0016029100BE
:200460000028D922A8F01D00100291000028D92294F01D000A0291000028D92280F01D00F0
:20048000040291000028D922ACE01D00FE0191000028D922BCF01D00F80191000028D922D0
:2004A000F8001D00F20191000028D922E0101D00EC0191000028D922CC101D00E601910061
:2004C0000028D922E4001D00E00191000028D922D0001D00DA0191000028D922F4101D00C6
:2004E000D40191000028D922C4301D00CE0191000028D922D8301D00C80191000028D9223D
:20050000DC201D00C20191000028D922F0201D00BC0191000028D922C8201D00B601910060
:200520000028D922EC301D00B00191000028D922E8401D00AA0191000028D922D4401D0025
:20054000A40191000028D922C0401D009E0191000028D922FC401D00980191000028D9222C
:20056000CC601D00920191000028D922F8501D008C0191000028D922D0501D0086019100F0
:200580000028D922E4501D00800191000028D922C8701D007A0191000028D922F4601D00BD
:2005A000740191000028D922E0601D006E0191000028D922C4801D00680191000028D92214
:2005C000F0701D00620191000028D922DC701D005C0191000028D922D8801D0056019100B0
:2005E0000028D922D4901D00500191000028D922C0901D004A0191000028D922EC801D005D
:20060000440191000028D922E4A01D003E0191000028D922D0A01D00380191000028D922D3
:20062000E8901D00320191000028D922FC901D002C0191000028D922C8C01D002601910057
:200640000028D922F4B01D00200191000028D922E0B01D001A0191000028D922CCB01D00CC
:20066000140191000028D922F8A01D000E0191000028D922DCC01D00080191000028D922C3
:20068000C0E01D00020191000028D922ECD01D00FC0091000028D922C4D01D00F600910025
:2006A0000028D922D8D01D00F00091000028D922F0C01D00EA0091000028D922D4E01D0072
:2006C000E40091000028D922F8F01D00DE0091000028D922E4F01D00D80091000028D9226E
:2006E000E8E01D00D20091000028D922FCE01D00CC0091000028D922D0F01D00C6009100E2
:200700000028D9220C011D00C00091000028D92204211D00BA0091000028D92230111D000A
:20072000B40091000028D92208111D00AE0091000028D9221C111D00A80091000028D92213
:2007400020011D00A20091000028D92234011D009C0091000028D9223C311D0096009100B2
:200760000028D92214311D00900091000028D92228311D008A0091000028D9222C211D0092
:20078000840091000028D92200313C7E91000028D92218213C7991000028D9220C513C74D3
:2007A00091000028D92224413C6F91000028D92238413C6A91000028D92210413C6591006B
:2007C0000028D92220513C6091000028D9221C613C5B91000028D92208613C5691000028B9
:2007E000D92234513C5191000028D9222C713C4C91000028D92218713C4791000028D9229F
:2008000030613C4291000028D92204713C3D91000028D92228813C3891000028D92214810D
:200820003C3391000028D92200813C2E91000028D9223C813C2991000028D92238913C24F7
:2008400091000028D92224913C1F91000028D92210913C1A91000028D9220CA13C159100E6
:200860000028D92234A13C1091000028D92220A13C0B820491000048D944A5623B3010502A
:200880006DFF99E4A0023C01009020389100014F6DFFA3B0910001FF19FF00C0AE1F910041
:2008A000014F8204BB0068599B85B9546DFF88B29100014F82246DFF68B249A4000A91007E
:2008C000015F6DFF0CB282083C1982093C13370868F02CA4370948F02CA549A4240A49A51C
:2008E000000A6DFF5BB149A4240A82146DFF39B2C219DA083FF9ED7FC218BF48E87F009035
:200900002038024F0B5610883B0071020B90504191000048D944A5623B8015506DFF4BE4A3
:2009200002F46DFFA8FB402F14FF82003E0882103E0782203E0682303E053C053C043C03F6
:200940003C023C019100014F6DFF47B09100012F192F00C0AE1F9100014F8204BB0068595F
:200960009B85B9546DFF2CB29100014F82246DFF0CB249A4000A9100015F6DFFB0B114FF87
:200980002CA409FF01082CA5BB0068F99B8FB9F44B0861014B0F51F04B0F71F17802F8072D
:2009A000DA0189AF120814FF82003E0A8210BE0882205F0F260082305F0F33003C41820548
:2009C000029409A6080982076DFF4090FB0071620B2310486DFF8A9089A20C093C318205EE
:2009E000029409A6080982076DFF3090FB0071620B2310486DFF7A9089A20C093C218205FE
:200A0000029409A6080982076DFF2090FB0071620B2310486DFF6A9089A20C093C1182050D
:200A2000029409A6080982076DFF1090FB0071620B2310486DFF5A9089A20C093C0149A4B7
:200A4000240A49A5000A6DFFA9B049A4240A82146DFF73B10090024F02583B0071020B80F6
:200A6000504191000048D944A5623B7013506DFFA2E302F46DFFFFFA402F14FF3B00800051
:200A8000E20F60F29110013F3023D934000D09F401086DFF12B014FF82003E0A8210BE065E
:200AA00082205F0F220082305F0F2D003C3982050284820702266DFFC98FFB0071620B23C4
:200AC00010486DFF139002283C2B82050284820702266DFFBB8FFB0071620B2310486DFFEA
:200AE000059002283C1D82050284820702266DFFAD8FFB0071620B2310486DFFF78F022808
:200B00003C0F82050284820702266DFF9F8FFB0071620B2310486DFFE98F02283C0114FF80
:200B20003B008000E20F60F29110013F3023D934000D09F4010802856DFFE1AF0090094FF8
:200B40004218370FE3013C04094F10293C01020FC2F0EEFB009049AA20BA0B4510880B67A0
:200B600010A809ACA04809ADA44809AEA848DA644BFB01020B08004191000048D9448C7208
:200B80003BB03D506DFF17E3DA644BFC01020B08004191000048D9448C723BC03D506DFFB3
:200BA0000AE3DA644BFD01020B08004191000048D9448C723BD03D506DFFFDE23B3019F020
:200BC0003EEEDA644BFE01020B08004191000048D9448C723B003E506DFFEDE2910000F68C
:200BE000D9FFB026B4FE370848406DFFE2B3402CB4AE49A4103A49A5283A0B8B10480BCDB2
:200C000010686D00900149A4040A40C56DFF12B8DA002CA4BB00C2FB9BEFC3F47805DA006E
:200C20002CAC49AF103AF80949A4300A49A5040A6DFFDAB549A4303A49A5300A6DFFB6B525
:200C40004B0A61F1783DDA003E99DA01BE93DA02BE9EDA035F9F27003C3109AF7838B70F86
:200C600081F189AF383809AF7838961089AF38383C2509AF7838B70F81F189AF383809AF43
:200C80007838B70F01F289AF38383C1809AF7838960889AF383809AF7838961089AF38388B
:200CA0003C0D09AF7838960889AF383809AF7838B70F01F289AF38383C0109AF7838962019
:200CC00089AF383809A0F838DA0837F006F389AFB83809AF7938B70F01F289AF393809A2F3
:200CE000E83989A2CC493B3019F07EE609AF7838960489AF383849A43C1A49A5303A6DFF0A
:200D000063B43B3019F05FEF2D80D83CD4FFC8AF09FF5108B70F01F389FF11088204820526
:200D2000820640C46DFF8EB3910000F6D9FFB0263B3019F0B4FFDA003E88DA013E89DA0200
:200D40003E8ADA033E8B3C0D3B2001E03C0A3B8007E03C073BE00DE03C043B4014E03C0181
:200D6000DA0509C0560837F003F289CF1608534820F0910000F6D9FFA02610FF4CC674FF77
:200D8000534820F0910000F6D9FFA02610FF534820F091000026D922A0261022092FC2081D
:200DA000B77F85F3ACF1534820F0910000F6D9FFA02610FF534820F091000026D922A026E6
:200DC0001022142FB71F03F234FF534820F0910000F6D9FFA02610FF534820F0910000265F
:200DE000D922A0261022142FB71F83F034FF534820F0910000F6D9FFA02610F2534820F0C4
:200E0000910000F6D9FFA02610FF081FB71F03F12C21534820F0910000F6D9FFA02610FF81
:200E2000534820F091000026D922A0261022092FC008B71F83F3B4FF534820F0910000F62C
:200E4000D9FFA02610F2534820F0910000F6D9FFA02610FF082F96202C22534820F091009C
:200E600000F6D9FFA02610F2534820F0910000F6D9FFA02610FF082FB70F81F12C225348A5
:200E800020F0910000F6D9FFA02610F2534820F0910000F6D9FFA02610FF082FB70F01F34B
:200EA0002C22534820F0910000F6D9FFA02610F2534820F0910000F6D9FFA02610FF082FFC
:200EC000B71F03F02C22534820F0910000F6D9FFA02610F2534820F0910000F6D9FFA02659
:200EE00010FF081FB71F83F22C21534820F0910000F6D9FFA02610F2534820F0910000F620
:200F0000D9FFA02610FF0830DA664BFE0122DA064BF301229AD2370F68F037F004F22C2389
:200F200000900B67108894AF404F405C3B80000089F014083B00080028C03B000800284083
:200F4000820089F01508820089C005083B00080089C0040882005F400D0082105F40C200E8
:200F600082205F408B0182305F4087021D00CF03F65791000028D92220D1F4F23C12DF15C1
:200F8000088091000028D92230D1F4F23C0A820491000048D9448C723B2004506DFF0BE167
:200FA000DF68088091000028D92200D1E8223C12DF78088091000028D92210D1E8223C0AC1
:200FC000820491000048D9448C723B6004506DFFF2E03BC000005F09088091000028D922CB
:200FE00030C1E8423C0A820491000048D9448C723B9004506DFFDFE03B2001007E0791005A
:2010000000F8D9FF00E1F4CF3C6A3B8001007E07910000F8D9FF28E1F4CF3C613BE001008F
:201020007E07910000F8D9FF3CE1F4CF3C583B4002007E07910000F8D9FF10F1F4CF3C4FA4
:201040003BA002007E07910000F8D9FF24F1F4CF3C463B0003007E07910000F8D9FF38F126
:20106000F4CF3C3D3B6003007E07910000F8D9FF4C01F4CF3C343BC003007E07910000F824
:20108000D9FF6001F4CF3C2B3B2004007E07910000F8D9FF7401F4CF3C223B8004007E07CE
:2010A000910000F8D9FF4811F4CF3C193B0006007E07910000F8D9FF14E1F4CF3C103B30C8
:2010C00019007E04A00FF4CF3C0A820491000048D9448C723B7005506DFF6DE01D00170353
:2010E0003B6006005F05088091000028D9226C21F4F23C143B7006005F0508809100002896
:20110000D9227C21F4F23C0A820491000048D9448C723BF005506DFF4EE03BC006005F080F
:20112000088091000028D9227C11E8223C1E3BD006005F08088091000028D9224C21E82257
:201140003C143BE006005F08088091000028D9225C21E8223C0A820491000048D9448C7234
:201160003B4006506DFF27E03B2007005F09088091000028D9225C11E8423C143B300700CC
:201180005F09088091000028D9226C11E8423C0A820491000048D9448C723B8006506DFFC7
:2011A0000AE03B8007007E07910000F8D9FF4C31F4CF3C613BE007007E07910000F8D9FFB8
:2011C0006031F4CF3C583B4008007E07910000F8D9FF7431F4CF3C4F3BA008007E079100D2
:2011E00000F8D9FF4841F4CF3C463B0009007E07910000F8D9FF5C41F4CF3C3D3B600900AA
:201200007E07910000F8D9FF7041F4CF3C343BC009007E07910000F8D9FF4451F4CF3C2B5B
:201220003B200A007E07910000F8D9FF5851F4CF3C223B800A007E07910000F8D9FF6C5131
:20124000F4CF3C193BE00A007E07910000F8D9FF4061F4CF3C103B3019007E04A00FF4CF43
:201260003C0A820491000048D9448C723B5007506DFFA1DF1D004B023BC00C005F05088083
:2012800091000028D9225481F4F23C323BD00C005F05088091000028D9226481F4F23C288B
:2012A0003BE00C005F05088091000028D9227481F4F23C1E3BF00C005F0508809100002856
:2012C000D9224491F4F23C143B000D005F05088091000028D9225491F4F23C0A82049100F8
:2012E0000048D9448C723BF007506DFF64DF3B200D005F08088091000028D9226471E82270
:201300003C1E3B300D005F08088091000028D9227471E8223C143B400D005F080880910011
:201320000028D9224481E8223C0A820491000048D9448C723B4008506DFF3DDF3B800D00D8
:201340005F09088091000028D9225471E8423C323B900D005F09088091000028D92254615B
:20136000E8423C283BA00D005F09088091000028D9226461E8423C1E3BB00D005F09088022
:2013800091000028D9227461E8423C143BC00D005F09088091000028D9224471E8423C0A79
:2013A000820491000048D9448C723BB008506DFF02DF3BE00D007E07910000F8D9FF649120
:2013C000F4CF3C583B400E007E07910000F8D9FF7891F4CF3C4F3BA00E007E07910000F8F9
:2013E000D9FF4CA1F4CF3C463B000F007E07910000F8D9FF60A1F4CF3C3D3BC00F007E07E7
:20140000910000F8D9FF74A1F4CF3C343B2010007E07910000F8D9FF48B1F4CF3C2B3B80F4
:2014200010007E07910000F8D9FF5CB1F4CF3C223BE010007E07910000F8D9FF70B1F4CF93
:201440003C193B4011007E07910000F8D9FF44C1F4CF3C103B3019007E04A00FF4CF3C0AF3
:20146000820491000048D9448C723B7009506DFFA2DE1D004C013B2013005F0508809100AD
:201480000028D92258F1F4F23C323B3013005F05088091000028D92278E1F4F23C283B4050
:2014A00013005F05088091000028D92248F1F4F23C1E3B5013005F05088091000028D922C2
:2014C00068F1F4F23C143B6013005F05088091000028D92278F1F4F23C0A8204910000483B
:2014E000D9448C723B100A506DFF65DE3B8013005F08088091000028D92278D1E8223C324B
:201500003B9013005F08088091000028D92248E1E8223C283BA013005F080880910000281D
:20152000D92258E1E8223C1E3BB013005F08088091000028D92268D1E8223C143BC01300D1
:201540005F08088091000028D92268E1E8223C0A820491000048D9448C723B800A506DFF54
:201560002ADE3BE013005F09088091000028D92258C1E8423C323BF013005F090880910021
:201580000028D92278C1E8423C283B0014005F09088091000028D92248D1E8423C1E3B1086
:2015A00014005F09088091000028D92258D1E8423C143B2014005F09088091000028D922BD
:2015C00068C1E8423C0A820491000048D9448C723BF00A506DFFEFDD3B4014007E08910095
:2015E00000F8D9FF8801F4CF1D0090003BA014007E08910000F8D9FF9811F4CF1D0086003D
:201600003BB014007E07910000F8D9FFAC11F4CF3C7C3B0015007E07910000F8D9FF8021D6
:20162000F4CF3C733B1015007E07910000F8D9FF9421F4CF3C6A3B6015007E07910000F816
:20164000D9FFA821F4CF3C613BC015007E07910000F8D9FFBC21F4CF3C583B2016007E0769
:20166000910000F8D9FF9031F4CF3C4F3B8016007E07910000F8D9FFA431F4CF3C463BE00E
:2016800016007E07910000F8D9FFB831F4CF3C3D3BF016007E07910000F8D9FF8C41F4CF72
:2016A0003C343B4017007E07910000F8D9FFA041F4CF3C2B3B6018007E07910000F8D9FF9E
:2016C0009C01F4CF3C223BC018007E07910000F8D9FFB001F4CF3C193B2019007E07910000
:2016E00000F8D9FF8411F4CF3C103B3019007E04A00FF4CF3C0A820491000048D9448C723E
:201700003B100C506DFF57DD3C0100900B451088370848406DFF4DAE402C40C46DFF11FAB8
:20172000534820F0910000F6D9FFA02610FF54FF8200370F01F089CF201989C924193C0161
:2017400009CF4218370FE3F16EFC40C46DFFF9F9534820F0910000F6D9FFA02610FF54FF3F
:201760008210370F01F089CF2019DA0089CF24193C0109CF4218370FE3F16EFC3C0109CF98
:2017800041186F3FFE7FBBF0FFFF89CF141909CF10293C01370F68203C0100900B541088B7
:2017A000404C026A370948406DFF03AE402D40D46DFFC7F9534920F0910000F6D9FFA026CE
:2017C00010FF54F082013710010089D0201989D824193C0109D042183700E3F16EFC40D4C2
:2017E0006DFFAFF9DF1A0F80534920F0910000F6D9FFA02610FF54FF8210370F01F089DFE9
:201800002019DA0089DF24193C0109DF4218370FE3F16EFC09DF10293C0134CFB01CC2FA24
:20182000DF0AE2FF3C0109DF41186F3FFE7FBBF0FFFF89DF141900900B45108837084840B8
:201840006DFFB7AD534820F0910000F6D9FFA02610FF54F082013710010089202019BB002D
:20186000F00F26908680892024193C01092F42181607EEFD534820F0910000F6D9FFA02620
:2018800010FF54FF8210370F01F0892F20198FF90FF1892F24193C01092F41186F3FFE7FB6
:2018A000BBF0FFFF892F141900900248404C0259370848406DFF7DAD534820F0910000F64A
:2018C000D9FFA02610FF54F08201371001008920201909C0C008BB00F01F2610868089202A
:2018E00024193C01092F42181607EEFDDF190F80534820F0910000F6D9FFA02610FF54FF1B
:201900008210370F01F0892F201909CFC00816FFB02C892F24193C01092F42181607EEFDB0
:20192000C2F9DF09D8FF3C01092F41186F3FFE7FBBF0FFFF892F14190090024F0258370F25
:2019400048406DFF36AD534F20F0910000F6D9FFA02610FF54FF8210370F01F0892F2019BD
:20196000892824193C01092F42181607EEFD3C01092F41186F3FFE7FBBF0FFFF892F14191B
:2019800000900B451088026A370848406DFF11AD402C534820F0910000F6D9FFA02610FF27
:2019A00054FF8200370F01F089CF201940C46DFFC8F889C924193C0109CF42181607EEFD54
:2019C000534820F0910000F6D9FFA02610FF54FF8210370F01F089CF201989CA24193C01AE
:2019E00009CF42181607EEFD3C0109CF41186F3FFE7FBBF0FFFF89CF14190090A002DA00DA
:201A00003E48DA013E4BDA023E4EDA03BE413C1591000026D922B4263C1091000026D922BD
:201A2000A0463C0B91000026D9228C663C0691000026D922B8763C013C01009020200B4519
:201A400010A80B7610884DC0E2FF370FE1F78B0F20C23C010D00400300003C013C01370AE5
:201A600048406DFFA59991000046D944A49640256DFF689D02A46D00250202A46D00B4022D
:201A8000910000F6D9FFA496DA0889FF2C08910000F6D9FFA496DA04ACF4910000F6D9FF99
:201AA000A4964B0B61F16CF1910000F6D9FFA496DA072CFAA00FF4AFA00FF80449A4180A3B
:201AC00049A5080A0BA9104802866D002800DA102CACDA8089AF1C08DA0089AF1D0891009D
:201AE00000F6D9FFA49649A2000AE8A202A46DFF87FF91000056D955A49640246DFFE89A26
:201B0000820502A46D00B401820502A46D00F60202CF6E030D0000030090DA003E4CDA01C3
:201B20005F4F4000DA025F4FC600DA035F4F27011D008901F658910000F8D9FF0C1080FFC3
:201B4000744F3C1CDF150980910000F8D9FF1C1080FF744F3C13DF250980910000F8D9FFE1
:201B60002C1080FF744F3C0ADF350980910000F8D9FF3C1080FF744F3C01F668910000F8F1
:201B8000D9FF2C0080FF745F3C0ADF160980910000F8D9FF3C0080FF745F3C011D0054018D
:201BA000DF450980910000F8D9FF2C3080FF744F3C49DF550980910000F8D9FF3C3080FFEB
:201BC000744F3C40DF650980910000F8D9FF0C4080FF744F3C37DF750980910000F8D9FF59
:201BE0001C4080FF744F3C2EDA087E58910000F8D9FF2C4080FF744F3C25DA097E5891006B
:201C000000F8D9FF3C4080FF744F3C1CDA0A7E58910000F8D9FF0C5080FF744F3C13DA0BF1
:201C20007E58910000F8D9FF1C5080FF744F3C0ADA0C7E58910000F8D9FF2C5080FF744F9E
:201C40003C01DF460980910000F8D9FF0C2080FF745F3C2EDF560980910000F8D9FF1C20F5
:201C600080FF745F3C25DF660980910000F8D9FF2C2080FF745F3C1CDF360980910000F865
:201C8000D9FF3C2080FF745F3C13DF760980910000F8D9FF0C3080FF745F3C0ADF260980CE
:201CA000910000F8D9FF1C3080FF745F3C011D00CB00DA0D7E58910000F8D9FF0C7080FFE7
:201CC000744F3C2EDA0E7E58910000F8D9FF1C7080FF744F3C25DA0F7E58910000F8D9FF69
:201CE0002C7080FF744F3C1CDA107E58910000F8D9FF3C7080FF744F3C13DA117E589100FE
:201D000000F8D9FF0C8080FF744F3C0ADA127E58910000F8D9FF1C8080FF744F3C01DA0BBC
:201D20007E68910000F8D9FF3C5080FF745F3C25DA097E68910000F8D9FF0C6080FF745F35
:201D40003C1CDA0A7E68910000F8D9FF1C6080FF745F3C13DA0C7E68910000F8D9FF2C602A
:201D600080FF745F3C0ADA087E68910000F8D9FF3C6080FF745F3C013C66DA137E58910081
:201D800000F8D9FF2C9080FF744F3C37DA147E58910000F8D9FF3C9080FF744F3C2EDA1576
:201DA0007E58910000F8D9FF0CA080FF744F3C25DA167E58910000F8D9FF1CA080FF744F78
:201DC0003C1CDA177E58910000F8D9FF2CA080FF744F3C13DA187E58910000F8D9FF3CA021
:201DE00080FF744F3C0ADA197E58910000F8D9FF0CB080FF744F3C01DA0E7E68910000F89F
:201E0000D9FF2C8080FF745F3C1CDA0F7E68910000F8D9FF3C8080FF745F3C13DA0D7E683A
:201E2000910000F8D9FF0C9080FF745F3C0ADA107E68910000F8D9FF1C9080FF745F3C01A1
:201E40003C023C010090404F82086DFFD9FDD424094F5208161F3C016E07D424821440F5C8
:201E60006DFF2F98821802823C0100900258910000F6D9FFA496D4FF370448406DFF989720
:201E800091000046D944A49640256DFF5B9B40F46DFFFE97370868F06E03DA013C02DA001D
:201EA00009F0431837F001F289FF031876850C2196042C213C050C21B70F01F12C210090FF
:201EC000DA003E4CDA015F4F2B00DA025F4F4900DA035F4F67001D008600910000F6D9FF23
:201EE000A49691000026D922B836E8C2910000F6D9FFA49691000026D9229036E8E29100F2
:201F000000F6D9FFA496DA0189FFAE08910000F6D9FFA496DA0189FFB4083C64910000F6C1
:201F2000D9FFA49691000026D922A456E8C2910000F6D9FFA49691000026D922BC46E8E222
:201F4000910000F6D9FFA496DA0189FFAE08910000F6D9FFA496DA0189FFB4083C43910007
:201F600000F6D9FFA49691000026D9229076E8C2910000F6D9FFA49691000026D922A8669E
:201F8000E8E2910000F6D9FFA496DA0189FFAE08910000F6D9FFA496DA0189FFB4083C22AF
:201FA000910000F6D9FFA49691000026D922BC86E8C2910000F6D9FFA49691000026D9229F
:201FC0009486E8E2910000F6D9FFA496DA0189FFAE08910000F6D9FFA496DA0189FFB408B3
:201FE0003C010090DA003E4BDA015F4F2600DA025F4F4000DA035F4F5A003C75910000F61B
:20200000D9FFA496DA0B89FFA008910000F6D9FFA496DA0A89FFA208910000F6D9FFA49651
:20202000DA0C89FFA408910000F6D9FFA496DA0089FF26083C61910000F6D9FFA496DA0D40
:2020400089FFA008910000F6D9FFA496DA0E89FFA208910000F6D9FFA496DA0F89FFA408E7
:20206000910000F6D9FFA496DA0089FF26083C44910000F6D9FFA496DA1089FFA008910073
:2020800000F6D9FFA496DA1189FFA208910000F6D9FFA496DA1289FFA408910000F6D9FF03
:2020A000A496DA0089FF26083C27910000F6D9FFA496DA1389FFA008910000F6D9FFA496A4
:2020C000DA1489FFA208910000F6D9FFA496DA1589FFA408910000F6D9FFA496DA0089FF29
:2020E00026083C0A820491000048D944B3723BC006506DFF60D800900258910000F6D9FF8D
:20210000A496D4FF370448406DFF529691000046D944A49640256DFF159A40F46DFFC596F2
:20212000370868F06E03DA013C02DA0009F0431837F081F389FF031876850C2196042C2103
:202140003C050C21B70F01F12C210090200834A56DFF56FCD42449A5000A82146DFFA7978D
:2021600000900248404F3C0909FF0008B01F370F685002846DFFECFF09FF0008EEF6009073
:2021800002488BC8604291000048D9449B823BA003506DFF10D8820A538820F0910000F86B
:2021A000D9FF38E010FF54F86DFFFABA022902946DFF0ABA9110F0FAD9FF909A9110F02A7B
:2021C000D922989A9110F04AD944A8AA9110F05AD955A8AA74F882107420DA80744FDA5044
:2021E000745F0D00800402946DFF0DBB8210F6AC3C01910080FF19FF100282110F01101043
:20220000261FEEF83C023C040D0080043C0100900B451088404C8BC8604291000048D94458
:202220009B823B4005506DFFC6D73B0040F00BF9304191000048D9449B823B5005506DFF69
:20224000BAD7820A538820F0910000F8D9FF38E010FF54F86DFFA4BA022BDA0803F90A883B
:202260009100F0FAD9FF5455B70818007B0000FA7E05DA5074FF82003C0EB70818007B00D8
:20228000F0FA7E05DA5D74FF82003C050D00800482103C018B00004291000048D9449B8224
:2022A0003B0006506DFF87D78210F6AC3C01910080FF19FF100282110F011010261FEEF82A
:2022C0003C023C040D0080043C0154CF820176819100F0FAD9FF70758200820302F2A6201C
:2022E000A63189F040090D00800402B46DFF6CB99110F0FAD9FF909A9110F02AD922989AF8
:202300009110F04AD944A8AA9110F05AD955A8AA74F8DA00742FDAA0744FDAAA745F0D007E
:20232000800402B46DFF6FBA8210F6AC3C01910080FF19FF100282110F011010261FEEF835
:202340003C023C040D0080043C0100900000000000000000000000000000000000000000A1
:2023600000000000000000000000000000000000000000000000000000000000000000005D
:2023800000000000000000000000000000000000000000000000000000000000000000003D
:2023A00000000000000000000000000000000000000000000000000000000000000000001D
:2023C0000000000000000000000000000000000000000000000000000000000000000000FD
:2023E0000000000000000000000000000000000000000000000000000000000000000000DD
:202400000000000000000000000000000000000000000000000000000000000000000000BC
:2024200000000000000000000000000000000000000000000000000000000000000000009C
:2024400000A60160E4650060E46500600000000050000000090000003466006034660060D6
:2024600000000000500000000A000100000000000000000000000000FFFFFFFF06000200FD
:2024800000000000000000000000000000000000000000000000000000000000000000003C
:2024A00000000000000000000000000000000000000000000000000000000000000000001C
:2024C0000000000000000000000000000000000000000000000000000000000000000000FC
:2024E0000000000000000000000000000000000000000000000000000000000000000000DC
:20250000000000000000000000000000731E0080000000000C080060B91E008000000000DF
:2025200034080060CC1E00800000000038080060DF1E0080000000003C080060F91E00803D
:202540000000000040080060731E0080000000000C0800600B1F00800000000044080060F8
:202560001F1F00800000000048080060331F0080000000004C080060461F00800000000082
:2025800050080060731E0080000000000C080060831E00800000000024080060911E008022
:2025A00000000000280800609F1E0080000000002C080060AC1E00800000000030080060D8
:2025C000501E00800000000000000000F11E00800000000000000000861F00800000000059
:2025E000000000008F1F00800000000000000000991F008000000000000000009F1F008037
:202600000000000000000000591F00800000000054080060691F008000000000580800603E
:202620001F1F00800000000048080060331F0080000000004C080060461F008000000000C1
:2026400050080060A21F0080000000000C080060B11F00800000000010080060C01F0080E6
:202660000000000014080060561E00800000000018080060651E00800000000020080060DF
:20268000A2F70080A2F70080A2F70080A2F70080A2F70080000000000000000000000000BD
:2026A00000000000000000000000000000000000000000000000000000000000000000001A
:2026C000000000001E00000000000C4200000000000000000000000000000000000000008E
:2026E0000000000000000000000000000000000000000000000000000000000000000000DA
:202700000000000000000000000000000000000000000000000000000000000000000000B9
:20272000000000000000000000000000000000000000000000000000000000000000000099
:20274000000000000000000000000000000000000000000000000000000000000000000079
:20276000000000000000000000000000000000000000000000000000000000000000000059
:20278000000000000000000000000000000000000000000000000000000000000000000039
:2027A000000000000000000000000000000000000000000000000000000000000000000019
:2027C0000000000000000000000000000000000000000000000000000000000000000000F9
:2027E0000000000000000000000000000000000000000000000000000000000000000000D9
:202800000000000000000000000000000000000000000000000000000000000000000000B8
:20282000000000000000000000000000000000000000000000000000000000000000000098
:20284000000000000000000000000000000000000000000000000000000000000000000078
:20286000000000000000000000000000000000000000000000000000000000000000000058
:20288000000000000000000000000000000000000000000000000000000000000000000038
:2028A000000000000000000000000000000000000000000000000000000000000000000018
:2028C0000000000000000000000000000000000000000000000000000000000000000000F8
:2028E0000000000000000000000000000000000000000000000000000000000000000000D8
:202900000000000000000000000000000000000000000000000000000000000000000000B7
:20292000000000000000000000000000000000000000000000000000000000000000000097
:20294000000000000000000000000000000000000000000000000000000000000000000077
:20296000000000000000000000000000000000000000000000000000000000000000000057
:202980000000000000000AD7233CCDCCCC3EF931E63DEB7335BD5305233DA7791C41AC8B4B
:2029A0001C4186C91B41000000006F12833A00000000000000000000803F0000803F000053
:2029C0000000000000000000000000000000000000000000000000000000000000000000F7
:2029E00000000000000000000000002D310100002F000000000064000000080000000000DD
:202A0000000000000000000000000000000000108045CDCC6441FFFF400100F8F0008C02EE
:202A200089028B02000000000001000000000000000000000001000000000000000100007B
:072A4000010100000000008D
:092A4800F401000000000001008F
:202A54000100000000000060942601801800000001000000180000604C230180B400000091
:202A740001000000CC000060AC2601801400000001000000E0000060002401804000000088
:202A94000100000020010060C02601800C000000010000002C010060242A018001000000CF
:202AB4000100000030010060252A0180010000000100000034010060CC260180080000008E
:202AD400010000003C010060262A0180010000000100000040010060272A018001000000FD
:202AF4000100000044010060D4260180B202000001000000F8030060282A018001000000BD
:202B140001000000FC0300608629018068000000010000006404006040240180CC0000002F
:202B34000100000030050060EE290180020000000100000034050060F0290180020000001B
:202B54000100000038050060292A018001000000010000003C050060F229018002000000AE
:202B74000100000040050060F42901800200000001000000440500602A2A0180010000007B
:202B940001000000480500602B2A018001000000010000004C0500602C2A01800100000012
:202BB40001000000500500602D2A01800100000001000000540500602E2A018001000000DE
:202BD40001000000580500602F2A018001000000010000005C050060F629018008000000DE
:202BF4000100000064050060302A0180010000000100000068050060FE29018004000000A1
:202C1400010000006C0500600C250180B40000000100000020060060312A01800100000004
:202C34000100000024060060C025018048000000010000006C060060322A01800100000096
:202C54000100000070060060082601803C00000001000000AC060060332A018001000000AC
:202C740001000000B0060060442601803C00000001000000EC060060342A018001000000CF
:202C940001000000F0060060352A01800100000001000000F4060060362A018001000000AB
:202CB40001000000F8060060372A01800100000001000000FC060060382A01800100000077
:202CD4000100000000070060392A01800100000001000000040700603A2A01800100000041
:202CF40001000000080700603B2A018001000000010000000C070060022A01800200000046
:202D14000100000010070060042A0180020000000100000014070060062A01800200000047
:202D34000100000018070060082A018002000000010000001C0700600A2A0180020000000F
:202D540001000000200700600C2A01800200000001000000240700600E2A01800A000000CF
:202D740001000000300700603C2A01800100000001000000340700603D2A0180010000003A
:202D940001000000380700603E2A018001000000010000003C070060182A0180020000002C
:202DB40001000000400700601A2A01800200000001000000440700601C2A0180020000001B
:202DD40001000000480700601E2A018002000000010000004C070060202A018002000000E3
:202DF4000100000050070060222A01800200000001000000540700603F2A01800100000091
:202E140001000000580700608026018014000000010000006C070060402A018001000000E3
:202E34000100000070070060412A0180010000000100000074070060422A018005000000EB
:202E5400020000007C07006000000000FE000000020000007C08006000000000DA45000076
:202E740002000000584E0060000000007217000002000000CC650060000000000100000019
:202E940002000000D0650060000000000100000002000000D465006000000000B200000039
:202EB4000200000088660060000000006500000002000000F066006000000000C2010000CE
:202ED40002000000B4680060000000004100000002000000F8680060000000002500000038
:202EF40002000000206900600000000041000000020000006469006000000000250000003E
:202F1400020000008C690060000000004100000002000000D0690060000000002500000045
:202F340002000000F86900600000000041000000020000003C6A006000000000250000004C
:202F540002000000646A0060000000004000000001000000000000704C2A01800100000084
:202F740001000000040000704D2A01800100000001000000080000704E2A0180010000005C
:202F9400010000000C0000704F2A0180010000000100000010000070502A01800100000028
:202FB4000100000014000070482A01800200000001000000180000704A2A01800200000003
:102FD40000000000000000000000000000000000ED
:02000004800278
:2000000000000000700059B30000000000000000000000000000000064B81E799B47E18668
:02000004800F6B
:0A414000911000E8D9EE90BBDC0EF0
:0A416000911000E8D9EEA4BBDC0EBC
:0A418000911000E8D9EEB4ABDC0E9C
:0A41A000911000E8D9EEA4BBDC0E7C
:0A41C000911000E8D9EE90CBDC0E60
:0A41E000911000E8D9EEB4BBDC0E2C
:0A420000911000E8D9EEA4BBDC0E1B
:0A422000911000E8D9EE8ADBDC0EF5
:0A424000911000E8D9EEAECBDC0EC1
:0A426000911000E8D9EEA4BBDC0EBB
:0A428000911000E8D9EE84EBDC0E8B
:0A42A000911000E8D9EEA8DBDC0E57
:0A43C000911000E8D9EEB83BDC0EC6
:0A43E000911000E8D9EEB64BDC0E98
:0A440000911000E8D9EEB26BDC0E5B
:0A442000911000E8D9EE947BDC0E49
:0A450000911000E8D9EE948BDC0E58
:0A452000911000E8D9EE809BDC0E3C
:0A456000911000E8D9EEBA9BDC0EC2
:0A478000911000E8D9EEB67BDC0EC4
:0A5B8000911000E8D9EE64EFDC0E8E
:0A5BA000911000E8D9EE4AFFDC0E78
:040000058000002057
:00000001FF
